menu_seq,menu_name
33556,2024년 신년운세 보고서
2166,그 사람과 나의 사주 궁합
22723,2023년 신년운세 보고서
21964,내 사주에 연애 상대 몇 명 있을까?
28894,재회 사주: 그 사람과 다시 만날 운명일까?
43513,2025 을사년 운세: 사랑과 인연
22360,사주로 보는 내 결혼 상대는?
36509,2024 갑진년 운세: 사랑과 인연
18570,내 인생 언제 필까?: 3번의 기회🔑
19192,타고난 결혼운 + 내 운명의 상대
47704,삼신할매가 점지한 내 진짜 인연 VS 가짜 인연
23878,내 운명 지금 어디 있을까?
27376,결혼 OX 궁합: 이 사람과 결혼해도 될까?
43216,2025년 신년운세 보고서
26805,그 사람과 나의 3가지 사주궁합
453,내 인생 황금기와 암흑기: 사주팔자 풀이
50312,2025 을사년 하반기 애정운
16477,2022년 신년운세 보고서
26502,사주로 보는 결혼수: 나는 언제 결혼할까?
49255,내 팔자에 새겨진 천년배필
21040,타고난 부(富): 재물운과 평생 모을 재산은?
25978,D-DAY 재회 타로: 다시 만날 수 있을까?
30875,내 사주 배우자 궁(宮)에 있는 사람은?
20974,타고난 부(富): 내 사주 재물운과 평생 모을 재산은?
2328,내 운명의 상대
42952,내 사주에 쓰인 운명의 배우자
43117,내 사주의 사랑운: 연애만? 결혼까지!
33646,2024년 솔로 탈출 시기
31435,지금 날 간절히 원하는 사람 누구일까?
41402,2024 갑진년 하반기 애정운
2418,사주로 보는 내 타고난 결혼운
16483,사주 살풀이: 타고난 살과 2022년의 살
23706,2023년 솔로 탈출 시기
27178,내 사주의 배우자 궁에 있는 사람은?
28729,내 운이 트이는 동네는?(서울편)
21799,월지로 보는 인연: 배우자가 될 3명의 후보
22162,놓치면 후회할 인연因緣의 외모와 특징
43686,"[창광] 신년운세 통합본 ""2025년 을사년"""
22690,일생 풀이: 천운과 타고난 복(福)
27220,2023년 하반기 솔로 탈출 시기
24082,내 아이는 출세할 사주일까?
26182,인생 역전의 비밀: 내 사주에 주목할 운명은?
24509,내 사주의 연애와 결혼: 운명의 두 사람
2141,그 사람의 속마음
25297,사주로 보는 그 사람의 속마음
49816,재회 사주: 헤어져도 다시 만날 필연
43683,[창광] 25년 을사년 사랑운과 인연운
24175,도화살 풀이: 내 매력 언제 터질까?
37705,재회 vs 작별: 운명에 새겨진 우리의 엔딩
22164,사업운 vs 직장운: 경제적 자유 누리는 법
27723,2023년 하반기 운세 보고서
24572,"{{이름}}[[이의/의]] 운명의 인연, 언제 만날까?"
22756,사주 살풀이: 타고난 살과 2023년의 살
25454,인생역전 3대운 풀이: 대운은 언제 들어올까?
34575,절대로 놓치면 안 될 결혼 상대와 시기는?
21734,그 사람 속마음 [심화]
16585,2022년 솔로탈출시기
55360,2026년 신년운세 보고서
42392,2025년 솔로 탈출 시기
39091,재회 타로 : 그 사람의 첫 연락
47935,재회OX궁합: 붙잡을 운명 vs 놓아줄 인연
55723,2026년 솔로 탈출 시기
23086,D-DAY 타로: 솔로 탈출까지 며칠 남았을까?
18270,그 사람 아직 나한테 미련 있을까?
41368,2024년 하반기 운세 보고서
41764,[창광] 24년 하반기 사랑운과 인연운
40510,2024년 하반기 솔로 탈출 시기
18933,인생 피는 필승 사주 : 내 인생 언제 필까? + 필승 개운법 일주 풀이
16426,좋아하는 그 사람의 속마음은?
22064,내 사주의 악인(惡人): 싹을 잘라야 할 불행의 근원
44899,임신 타로: 이번 달 우리 아기 찾아올까?
21766,그 사람과 나의 결혼 궁합
44108,2025년에 찾아올 두 명의 인연
47506,"재회 사주, 속마음 타로: {{이름}}님은 n일 뒤 재회합니다"
32425,2024년 놓치면 안 될 3번의 기회
32365,사주 살풀이: 타고난 살과 2024년의 살
45097,헤어진 X와 재회할 수 있을까?
2505,지금 날 좋아하는 사람은?
36617,2024년 갑진년 운세 [통합편]
48332,🪡6개월 내 반드시 만나게 될: 붉은 실 인연🧶
26214,그 사람도 날 좋아할까?
51301,사주+타로: 임신운 심층 분석
35701,2024년에 찾아올 두 명의 인연
2326,그 사람과 나의 속궁합
50014,2025년 하반기 운세 보고서
43685,[창광] 25년 을사년 직업운과 합격운
18142,"다음 연애 언제, 어디서 시작될까?"
400,다시 만날 수 있을까
24008,절대 놓치면 안 될 결혼 상대와 시기는?
42660,"우리 커플 삼단궁합 : 연애궁합, 속궁합, 결혼궁합"
51565,2025년 하반기 솔로 탈출 시기
30940,이 사랑의 결말: 그 사람과 나의 인연
34075,"불안한 사랑, 우리 관계의 미래는?"
24870,내 운명의 인연 + 도화살 풀이
16717,인생 피는 필승 개운법: 일주 풀이
24475,팔자가 바뀌는 6번의 기회
39852,"내 운명의 연애, 몇 번 남았을까?"
43684,[창광] 25년 을사년 재물운과 문서운
18664,내 사주는 부자 사주 vs 가난한 사주
42029,[창광] 24년 하반기 재물운과 문서운
16377,3개월 안에 다시 만날 수 있을까?
36510,2024 갑진년 운세: 합격과 커리어
31336,인생 역전의 비밀: 내 사주의 주목할 운명(運命)은?
43249,"사주 직업 컨설팅: 사업, 직장, 업종"
18631,3개월 안에 애인 생길까?
39421,나는 결혼해야 좋은 팔자일까?
19005,(임시)2022년 하반기 운세 보고서
26009,"내 사주로 월 1,000만 원 버는 부업은?"
42031,[창광] 24년 하반기 운세 통합본
23089,연봉 상승 비책: 올해 취업•이직운
21371,2022년 하반기 운세 보고서
49519,임신운 풀이: 삼신할매가 점지한 우리 아가
48892,🩵하늘이 맺어준 혼인길 점괘🩵
42062,사주 살풀이: 타고난 살과 2025년의 살
22195,사주로 보는 미래: 나는 언제 출세할까?
20546,나에게 남은 연애 기회는?
20017,반드시 잡아야 할 내 인생의 귀인은?
19002,이별리셋 패키지: 전애인 후폭풍 + 재회운
22426,내 인생의 귀인 + 피해야 할 악인은?
30677,내 운명의 숨겨진 방향성
20347,내 인생의 귀인 + 운명의 상대는?
18639,걔는 나를 연애 상대로 볼까?
19315,2022년 놓치면 안 될 3번의 기회
23885,타고난 재물운: 내 사주에 돈복 있을까?
21271,2022년 하반기 솔로탈출시기
18765,네이탈 차트: 내 타고난 성격 리포트
35527,사주 궁합으로 보는 우리의 현재와 미래
18641,걔도 지금 나 보고 싶을까?
29951,반드시 손절해야 할 내 인생 3명의 악인
34385,[2인 할인] 2024년 신년운세 보고서
40708,"이별, 그 후… 너와 나의 속마음"
26213,2023년 솔로 탈출 시기 + 사주로 보는 결혼 상대
51499,[창광] 25년 하반기 운세 통합편
42028,[창광] 24년 하반기 직업운과 합격운
25991,내 사주의 재혼운: 재혼해도 잘 살까?
26500,"내 사주의 천생연분, 어떤 사람일까?"
38993,사주로 보는 결혼 : 그 사람의 본심 👤
41074,[완결판] 곧 다가올 나의 인생 연애
34952,손금으로 보는 결혼운 : 결혼하면 어떨까?
24779,재회 타로: 우리가 헤어진 진짜 이유
25034,내 아이의 합격운: 인생 피는 진로 풀이
18467,먼저 연락 올 확률은?
34636,내 사주에 자녀 몇 명일까?: 타고난 재능과 성공운까지
18301,{{이름}}[[이의/의]] 7월 종합운
26374,그 사람과 나의 결혼 궁합 + 속 궁합
54668,결혼 사주 즉문즉답: 시기・상대・개운・팔자
16378,짝사랑 이루어질까?
18105,다가올 인연의 외모·성격·직업은?
27706,비로소 만나게 될 나의 운명
52621,{{이름}}님의 3번의 결정적 결혼수💍
30282,내 운이 트이는 동네는?(경기도 편)
16816,이름풀이 - 운명과 주의할 점
19390,"2022년의 연애, 언제 어떻게 시작될까?"
17212,그 사람이 연락을 안 하는 이유
18948,다음 연애 완전 정복 패키지
36042,사주로 보는 그 사람의 '진짜' 속마음🚨
44371,도화살로 보는 연애운 전성기
26271,내 인생의 귀인 + 운명의 인연은? [실사판]
41566,2025년 놓치면 안 될 3번의 기회
25651,도화살 결혼운: 나는 결혼하면 잘 살까?
19325,내 인생 + 2022년 3번의 기회
20182,(추천할인) 내 인생 언제 필까? 3번의 기회
21667,사주 복록 풀이: 타고난 부동산 복 활용법
27326,내 사주의 가장 강한 복은 뭘까?
19304,사주로 보는 내 타고난 결혼운(추천 할인)
2236,전연인 어떻게 지낼까
20320,(추천할인) 우리 사귈 수 있을까?: 사귈 확률 계산기
33559,(사전예약자 전용)2024년 신년운세 보고서
36224,팔자 피는 결혼의 비밀: 연애 개운법
45658,이 사람과 결혼해도 될까?: 결혼 전 필수 궁합
24472,반드시 성공할 사업 분야와 기회는?
23854,2023년 놓치면 안 될 3번의 기회
43678,[창광] 1개 구매자 추가 할인 (2025년 신년운세 통합본)
22327,내 운명 지금 어디 있을까?
31205,2023년 하반기에 찾아올 3명의 인연
16423,오행五行으로 보는 성격 특징
18705,나는 결혼해도 되는 사주일까?
37773,[학부모 필독 사주] 내 아이의 재능과 운명
2142,재회확률 높이는 법
24077,[페이드마케팅] 2023년 신년운세 보고서
57670,2026 병오년 운세: 사랑과 인연
16223,솔로 탈출 언제 가능할까?
48463,나만 몰랐던 호감시그널 : 붉은 실 인연🧶
2202,사주로 보는 직업운
32788,[추천] 내 사주에 연애 상대 몇 명 있을까?_상대와 시기
26197,그 사람이 나에게 하고 싶은 말 (feat.편지카드)
21832,(추천할인) 놓치면 후회할 인연의 외모와 특징
43217,[2인 할인] 2025년 신년운세 보고서
40048,사주로 보는 인생 그래프: 일생풀이
23053,2023년 반드시 잡아야 할 대운은?
42754,그 사람과 나의 재회 공식 3가지
30680,그 운명의 러브 판타지
22792,사주오행 활용: 내가 갑이 되는 연애법
33654,절대로 결혼하면 안 되는 사람은?
19309,2022년 솔로탈출시기(추천 할인)
50542,[창광] 25년 하반기: 사랑운과 인연운
29192,바람기 잡는 법: 그 사람 사주의 바람기
43612,[추가구매] 2025 을사년 운세: 사랑과 인연
19302,2022년 신년운세 보고서(추천 할인)
20317,"(추천할인) 다음 연애 언제, 어디서 시작될까?"
23883,선택 타로: 이 사람 계속 만나도 될까?
20054,반드시 잡아야 할 내 인생의 귀인은? (추천할인)
13663,어떤 사람과 사귈 운명일까?
56648,재회 궁합: 그 사람 반드시 돌아오게 하는 법
2465,사주로 보는 내 전성기
18725,헤어진 연인과의 재회 확률
18970,다음 달에 애인 생길까?
20248,(추천할인)내 인생 황금기와 암흑기: 사주팔자 풀이
55789,2026 신년운세 즉문즉답: 애정・재물・직업・대운
2165,사주로 보는 재물운
1210,우리 얼마나 오래 갈까?
22525,부자되는 필승법 : 미래 재산 확인하기
26057,사주 작명과 길일: 우리 아이 어떤 이름이 좋을까?
29193,내 사주 속 최고의 겉궁합 VS 속궁합 상대는?
36439,"짝이 있는 그 사람, 나에게 올까?"
56416,[창광] 26년 병오년 사랑운과 인연운
56516,[창광] 26년 병오년 직업운과 합격운
23882,(추천할인) 내 운명 지금 어디 있을까?
30379,"내 사주의 천지인(天地人): 천운과 미래의 집, 그리고 인연"
39553,"타고난 내 몸 살리는 ""사주 오행"" 다이어트 💪🏻"
25845,[속마음] 💕현재 그의 진짜 속마음💕
30217,친구 VS 연인: 우리 둘 관계 어디까지?
36508,내 사주에 적힌 운명의 배우자
2149,2022년 월별 운세
50773,[창광] 25년 하반기: 직업운과 합격운
2503,그 사람이 보는 내 이미지
22955,(추천할인) 2023년 신년운세 보고서
19221,궁합 완전정복 패키지
2417,사주로 보는 그 사람 연애 유형
36629,[본 스킬] 1개 구매자 추가 할인
19299,2022년 솔로탈출시기 + 내 운명의 상대
17147,지원한 회사에 합격할 수 있을까?
19206,그 사람 공략법: 속마음 + 3번의 유혹 기회
25450,사주 일생 풀이: 시기별 길운과 복록
2425,이달의 합격운
32368,"[얼리버드] 싸움 없는 결혼 준비, 올인원 노션 템플릿"
32529,2024년 솔로 탈출 보고서
23894,[연말할인] 2023년에 솔로 탈출할 수 있을까?
22956,2023년 나에게 찾아올 12가지 행운
20183,내 운명의 상대(추천 할인)
38596,"설레는 2024년 봄, 나에게 찾아올 3가지 변화"
18964,이번 달에 애인 생길까?
22564,심층 궁합: 그 사람과 사귀면 어떨까?
18647,둘 중 누가 더 좋아할까?
21073,(추천할인) 타고난 부: 내 사주로 평생 모을 재산은?
22790,(추천할인) 일생 풀이: 천운과 타고난 복(福)
2422,특정 날짜 내 사주 운세
20908,[타고난 궁합 사용자 전용] 그 사람과 나의 사주궁합
19217,나는 어떤 사람과 결혼하게 될까?
19010,👀후방주의: 스킨십 궁합 패키지
21140,(추천할인) 솔로 탈출 가능할까?
25330,[2인 할인] 2023년 신년운세 보고서
16379,썸 어떻게 될까?
2428,사주로 보는 전생과 현생
29757,그 사람 미리보기
20314,(추천할인) 그 사람과 나의 속궁합
24408,내 아이는 출세할 사주일까? (연속구매 할인)
40180,결혼 시뮬레이션 : 우리 2세 미리보기
56614,"[창광] 신년운세 통합본 ""2026년 병오년"""
24176,그 사람과 내가 결혼할 확률은?
22063,(추천할인) 내 사주에 연애 상대 몇 명 있을까?
24006,그 사람의 진짜 속마음을 읽어줄게!
2429,그 사람과 사귀면 어떨까?
33271,2024년 나에게 찾아올 12가지 행운
23705,그 사람 얼마나 잘 지낼까?
44866,"솔로 n년, 연애하고 싶다! 연애 슬럼프 탈출"
18502,그 사람이랑 결혼하면 어떨까?
18962,솔로탈출 패키지: 솔탈확률 + 3개월 연애운
18646,그 사람 나랑 '어디까지' 상상해봤을까?
43447,2025년 나에게 찾아올 12가지 행운
43848,[깜짝할인] 내 인생 황금기와 암흑기: 사주팔자 풀이
25338,(추천할인) 내 사주의 연애와 결혼: 운명의 두 사람
41698,[추가구매] 2024 갑진년 하반기 사랑과 인연
50344,[추가구매] 2025 을사년 하반기 애정운
19228,(임시)🎉 사전예약자 전용 🎉 2022년 하반기 운세 보고서
16453,십성十星으로 본 찐성격
19060,다음 달엔 짝사랑 끝낼 수 있을까?
20249,(추천할인) 인생 피는 필승 개운법: 일주풀이
18104,전연인 어떻게 지낼까 + 재회확률 높이는 법
19621,그 사람과 나의 연애 궁합 어떨까?
26258,반드시 잡아야 할 내 인생의 귀인은? [실사판]
22954,인생 피는 살풀이: 반드시 주목해야 할 살은?
23845,재회운 : 끊어진 인연과 다시 이어질 수 있을까
16442,지금 직장 퇴사해도 될까?
43847,[깜짝할인] 내 인생 언제 필까?: 3번의 기회🔑
25204,플러팅 타로: 내가 끌리는 VS 내게 끌리는 사람
26646,사주로 보는 자녀교육: 우리 아이 어떻게 키울까?
17806,운명의 상대 공략법
22791,(추천할인) 사주 살풀이: 타고난 살과 2023년의 살
24142,그 사람의 앞으로 행동을 알려줄게!
2414,사주로 보는 연애성향
39784,그 사람과 애인… 언제 헤어질까?
33085,2024년 커플 관계 보고서
23222,그 사람 나한테 왜 이럴까?
56254,결혼 궁합: 부부 합과 결혼 후 모습
18146,선택타로 - A vs B
18959,사주로 보는 연인 궁합 + 속궁합
22261,(추천할인) 내 사주의 전성기: 인생 피는 나이는?
16948,내 성격 분석 보고서
28003,사주로 보는 미래 : 앞으로의 10년
26198,지금 내 생각하는 사람 누굴까?
43844,[깜짝할인] 사주로 보는 결혼수: 나는 언제 결혼할까?
57010,2026 신년 애정운: 연애/재회/미혼/기혼
17047,3개월 안에 취업할 수 있을까?
49921,연애 무물 타로: 11카드 스프레드
25337,(추천할인) 사주로 보는 그 사람의 속마음
19004,🎉 사전예약 D-0 🎉 2021년 하반기 운세 LITE
16396,우리 사랑 깊어지려면?
19326,2022년에 커리어 성공할 수 있을까?
41170,2025년 솔로 탈출 보고서
57439,2026년에 찾아올 두 명의 인연
47638,"🏆재물, 커리어, 학업: 황금 타이밍"
29796,사주로 보는 색기: 그 사람 침대에서 어떨까?
55195,사주 살풀이: 타고난 살과 2026년의 살
25839,내 사주의 인생 2막 언제 올까?
27346,잘 보이는 법: 내가 보는 나 VS 남이 보는 나
18648,내가 관심 있는 거 눈치챘을까?
19177,이번 달엔 짝사랑 끝낼 수 있을까?
31436,(추천할인) 2023년 하반기에 찾아올 3명의 인연
45625,내 사주에 결혼? 필수 vs 선택
40157,"2024년 여름 운세: 5,6,7월의 세 가지 뜨거운 변화❤️‍🔥"
23317,"[속마음] 연락 없는 그 사람, 지금 무슨 생각일까?"
43416,[히든스킬] 내 사주의 연애와 결혼: 운명의 두 사람
36511,2024 갑진년 운세: 재물과 재테크
26242,(추천할인) D-DAY 재회 타로: 다시 만날 수 있을까?
36557,[사전 예약] 2024년 갑진년 신년운세
19215,다음 연애 상대와의 궁합은?
33557,[연속 할인] 2024년 신년운세 보고서
25403,"사주로 보는 내 집 마련, 언제 가능할까?"
23895,[연말할인] 2023년에 우리 사이 어떨까?
42033,[창광_24하반기] 1개 구매자 추가 할인
18643,걔네 서로 좋아할까?
40749,난 누구랑 결혼할까? : 운명의 후보 TOP 2
22230,(추천할인) 그 사람과 나의 결혼 궁합
19589,내 사주로 올해 안에 부자 되는 법
22987,다음 연애의 시작 | 새로운 인연
37441,손금으로 보는 운명의 배우자: 연애와 결혼
18709,"그때 그 느낌, 혹시 시그널이었을까?"
2366,지금 헤어져도 될까
19687,놓치기 싫은 그 사람 연애 스타일
46384,이번 달 임신 확률은?
18965,내 운명의 상대 + 2021 금성궁 연애운 그래프
19688,그 사람을 유혹할 3번의 기회_추천할인
17443,우리 사귈 수 있을까? : 사귈 확률 계산기
2152,내 성격유형 분석
31501,[추천] 일생 풀이: 천운과 타고난 복(福)_부자 사주
35626,사업 vs 직장: 경제적 자유 누리는 법
18711,사주로 보는 운명의 집
24439,그 사람이 너를 좋아하는지 알려줄게!
19176,그 사람을 유혹할 3번의 기회
2363,그 사람이 바라는 내 모습은?
24573,[연락운] 그 사람은 언제 연락이 올지 알려줄게!
24871,1년 뒤 그 사람과 무슨 사이일까?
16443,다른 회사로 이직하면 어떨까?
19303,사주 살풀이: 타고난 살과 2022년의 살(추천 할인)
2424,사주로 보는 강점과 적성
16450,둘 중 누구를 선택해야 할까?
25412,그 사람이 나를 향해 품고 있는 마음
28813,운BTI: 내 사주의 타고난 기질과 천운(天運)은?
2273,전생 알아보기
38469,"핵심 임신운👼🪽 이 달 내로의 임신가능성? (미혼, 기혼 모두 가능) 1카드, 1500자"
19312,[비밀쿠폰 전용] 2022년 신년운세 보고서
43845,[깜짝할인] 내 운이 트이는 동네는?(서울편)
18726,그 사람과 왜 헤어지게 된 걸까?
40741,"내 운명의 연애, 몇 번 남았을까? (AB 테스트용)"
19327,올해의 귀인과 악인 누구일까?
23848,지금 그 사람의 속마음은?
18400,나는 지금 상승세 vs 하락세?
22724,☯️2023년 신년운세 보고서
21150,(추천할인) 그 사람 아직 나한테 미련 있을까?
18947,사주로 보는 재테크 비법 + 대박 부업운
23153,(추천 할인) D-DAY 타로: 솔로 탈출까지 며칠 남았을까?
43348,[히든스킬] 내 사주에 연애 상대 몇 명 있을까?
22065,"가장 긴 연애, 운명적 사건은?"
19324,손금으로 보는 내 전생
44668,10년 뒤 내 통장잔고는?
20316,(추천할인) 그 사람과 나의 사주궁합
2227,동갑vs연하vs연상
47407,{{이름}}[[이의/의]] 결혼 궁합 현실판: 돈?💰 사랑?❤️
49882,그 사람의 숨겨진 진짜 속마음 💟
2237,그 사람의 변심 이유
45526,"재물운 심층 분석: 30년 뒤, 상위 % 일까?"
53710,내 사주 일복: 평생 일할 팔자 vs 놀고먹는 팔자
29257,[키스데이] 애쓰지 않아도 맺어질 하늘의 인연
39751,3년 안에 닥칠 3번의 위기
47737,"OO세, 이 선택으로 운명이 바뀝니다'"
29423,[1~5단계] 재회 코칭 프리패스
18659,사주로 보는 가족운
523,결혼한다면 어떨까?
39332,(업셀링_판밍밍) 재회 코칭 프리패스
26335,"다음 연애 언제, 어디서 시작될까?"
24748,지금 그 사람의 감정은?
25332,그 사람 나한테 어떻게 행동할까?
20083,3개월안에애인생길까_추천할인
48925,{{이름}}[[이의/의]] 연애 O X : 직진해도 될까?
28434,"내 사주의 좋은 연, 나쁜 연, 이상한 연"
2128,연애운 높이는 노하우
55361,[2인 할인] 2026년 신년운세 보고서
18702,내 사주로 연예인이 된다면?
18653,내 SNS 염탐하는 사람 있을까?
18601,내 인생의 귀인: 놓치면 안 될 한 사람
27414,"대기업 VS 스타트업, 내 사주와 더 맞는 곳은?"
2272,나는 어떤 타입과 어울릴까?
19918,이번 달 우리 사이 어떨까?
37442,2024 갑진년 운세: 건강과 이사
53875,짝사랑에서 썸까지: 우리 무슨 사이일까?
50774,[창광] 25년 하반기: 재물운과 문서운
16446,솔로탈출 확률 계산기
35698,재회 사주: 그 사람과 다시 만날 운명일까?
25304,별자리x타로: 우주가 말하는 미래의 연인은?
23889,[이별과 재회] 너와 다시 만날 수 있을까?✨
25171,그 사람과 나는 앞으로 어떻게 될까?
2250,면접 합격할 수 있을까?
34717,놓치면 안 될 3번의 기회: 50세 중년 이후
46483,"💵 재물운 분석 완결판: 부업, 재테크, 귀인"
2296,지금 하는 거...계속 할까 말까?
20318,(추천할인) 오행으로 보는 성격 특징
19362,2022년 신년운세 LITE
53974,이 3번의 기회로: 상위 N% 부자가 됩니다
11293,사주로 보는 성격
16849,직장 동료 왜 그럴까?
49917,연애 무물 타로: 7카드 스프레드
27442,숨겨진 욕망 풀이: 내 사주의 색욕은 어떨까?
2217,그날 헤어지지 않았다면
19428,2022년의 커리어 + 인간관계 어떨까?
37876,손금 연애운: 솔로탈출 가능할까?
23251,지금 나를 몰래 좋아하는 사람은?
30055,"타로 직장운: 지금 고민, 풀리는 시기는?"
536,시험 잘 볼 수 있을까
2498,오늘의 내 사주 운세
18532,사내 연애해도 될까?
2240,연애할 때 내 매력은 뭘까?
57373,2026 신년 직업・재물운: 커리어/연봉/부업・사업
20319,(추천할인) 사주로 보는 운명의 집
2385,연락할까 말까?
26683,그 사람이 느끼는 진짜 감정을 알려줄게!
19369,[크리스마스 쿠폰 전용] 2022년 신년운세 보고서
34052,2024년 솔로 탈출 시기 (사전예약)
25799,당신에게 말하지 않은 그 사람의 진심
2170,우리가 헤어진다면
21144,(추천할인) 짝사랑 이루어질까?
26801,[재회/속마음] 편지로 받아보는 그 사람의 진심
43220,[연속 할인] 2025년 신년운세 보고서
26893,내 사주의 찐성격과 이상형은?
26515,(추천할인) 사주로 보는 결혼수: 나는 언제 결혼할까?
43849,"[깜짝할인] 내 운명의 연애, 몇 번 남았을까?"
2449,그 사람과 가까워지는 법
25176,상대방의 현재 속마음 심층 분석
18668,사주로 보는 성격유형
56255,2026년 놓치면 안 될 3번의 기회
2263,내 애인 바람기
39190,"임신운👼🪽내 아이 만날 가능성, 성별, 성격, 재능, 어떤 아이일까? (4카드, 7500자)"
54271,연락타로: 그 사람 속마음 & 행동지침
41171,2025년 커플 관계 보고서
26090,나를 얼마나 좋아하고 있을까?
2203,사주로 보는 건강운
24411,2023년 일년신수: 시기별 길운 풀이
2395,내 첫인상 어떨까?
21370,(추천할인) 2022년 하반기 운세 보고서
30280,그 사람의 진짜 감정은 뭘까?
56515,[창광] 26년 병오년 재물운과 문서운
55492,재회 타로 즉문즉답: 그 사람 속마음·재회 가능성
25396,그 사람이 너에게 하고 싶은 말을 전해줄게!
25999,"[새인연/솔로탈출] 💕 곧, 내게 직진 할 이성"
21304,(추천할인) 2022년 하반기 솔로탈출시기
18004,연락 안 오는 이유 + 연락 할까 말까?
18986,2021년 하반기 월별운세
38420,연애 가이드: 운명의 사랑을 향하여💘
28764,"(재회) 조만간 상대에게 찾아올, 심경의 변화❤️"
2262,내 연애 애착유형 분석
538,이직해도 될까
20909,[타고난 궁합 사용자 전용] 그 사람과 나의 속궁합
19368,2022년 1월 운세 보고서
23890,(추천 할인) 2023년 솔로 탈출 시기
25033,[재회운] 너의 재회운을 알려줄게!
2216,그 회사가 나랑 잘 어울릴까?
43415,[히든스킬] 내 사주에 쓰인 운명의 배우자
18635,사주로 보는 대박 부업운
26212,타로 취업운: 이직해도 괜찮을까?
18637,헤어진 사람 언제 잊을 수 있을까?
34775,[10카드] 그 사람의 진짜 속마음 심층분석
26635,[홍연紅線] 운명의 붉은실로 이어진 나의 인연은? #월하노인
23881,아름답고 소중한 내 짝사랑의 결말💕
26257,사주로 보는 은퇴 플랜: 나도 경제적 자유 누릴 수 있을까?
24901,"멀어진 그 사람, 다시 만날 수 있을까?"
24869,그 사람도 내 생각을 할까?
18817,2021 금성궁 연애운 + 운세 그래프
25175,그 사람의 진짜 속마음
18144,그 사람 손절할까 말까?
25773,MBTI 종결 타로: 내 평생의 인연은?
19218,연애 새로고침 패키지: 이별극복 + 다음 연애 언제?
24241,(추천할인) 도화살 풀이: 내 매력 언제 터질까?
2219,다른 사람이 보는 내 매력과 장점은?
2248,서류 합격할 수 있을까?
2445,짝남이랑 사귈 수 있을까? : 고백 성공률 계산기
37871,[판밍밍 추천] D-DAY 재회 타로 : 다시 만날 수 있을까?
54701,[박향옥 철학관] 추가 질문 1개
40444,놓치면 후회할 세 가지 속삭임
2196,헤어진 사람 잊는 법
21502,[비밀쿠폰 전용] 2022년 하반기 운세 보고서
38138,내 운명의 재물: 나가는 돈 & 들어오는 돈
2265,내 연애가 유독 힘든 이유
42030,[창광] 24년 하반기 이동운과 건강운
24604,"먼저 연락할까, 좀 더 기다릴까?"
2155,이달의 취업운은 어떨까?
2351,퇴사할까 말까
34386,[3인 할인] 2024년 신년운세 보고서
35827,나 재혼할 수 있을까? 내 사주에 들어온 다음 배우자
2492,사주로 보는 행운 아이템
537,나에게 어울리는 직업은?
2441,우리 커플 스킨십 궁합은?
25078,(연속구매 할인) 내 아이의 합격운: 인생 피는 진로 풀이
25133,내 사주의 투자운: 빠르게 부자 되는 법
19127,그 사람 스킨십 스타일: 침대에서 더 행복한 법
19984,다음 달 우리 사이 어떨까?
22923,2022년 10월 운세 보고서
2303,그 사람과 나의 전생 관계
21173,(추천할인) 좋아하는 그 사람의 속마음은?
36148,입학 VS 재수 : 수능 입시 전략
36040,타고난 살煞과 십성十聖으로 보는 2024년 살풀이: 도화살 vs 천을귀인
28268,"심층재회운 : 재회운 끝장판! ( 7카드 : 근황, 연인유무, 속마음, 재회가능성 등 ) 5500자"
27115,"재회VS새연인 : 기다릴까? 새로운 사람을 만날까?(7카드, 8000자 )"
22888,(트랙킹용) 2023년 신년운세 보고서 부적 4개
24001,"[솔로 연애운] 당신의 다음 연애, 디테일하게 알려드려요"
2306,내 스킨십 스타일
36418,"[9카드] 그 사람과의 연락, 재회 시기를 알려줄게!"
21931,2022년 8월 운세 보고서
26634,재회연락운: 누가 먼저 연락해서 재회가 될까?#재회 #연락 #썸 #재회 #이별 #속마음 #연락운
22957,(추천할인) 내 사주 액운막이: 10년 방탄 살풀이
28380,[3단계 재회 실전] 연락 그리고 타이밍
25167,재회운 2 : 연락두절된 사람과 재회운
19654,(추천할인) 내 사주로 올해 안에 부자되는 법
24373,2022년 12월 운세 보고서
27245,"그 사람과의 연락, 재회 시기를 알려줄게!"
39850,사주로 보는 인생 그래프 : 초년과 중년
2329,화 풀어주는 법
34387,[4인 할인] 2024년 신년운세 보고서
28897,[판밍밍] 2023년 하반기 운세 보고서
20250,2022년 4월 운세 보고서
34472,[10카드] 멀어진 그 사람의 속마음과 재회운
22492,2022년 9월 운세 보고서
23886,"솔로, 싱글운: 새로운 연인에 대한 모든 것"
18701,사주로 보는 재테크 비법
25439,그 사람은 너를 이렇게 생각하고 있어!
26111,3개월 안에 만나게 될 소개팅 상대는?
24739,100세 무병장수: 사주로 보는 건강운
28102,그림으로 알아보는 내 사주
30683,어스팩트가 보여주는 우리의 궁합
26802,[썸/짝사랑/속마음] 편지로 받아보는 그 사람의 진심
37881,"🐰속마음완전판❤️‍🔥 그 사람이 보는 나, 이미지, 빠진 이유, 나에 대한 속마음, 관계에 대한 생각, 앞으로의 관계, 조언 등 (9카드, 이만자)#이별#썸#짝사랑#커플 가능"
43843,[깜짝할인] 그 사람과 나의 3가지 사주궁합
45724,[특별할인] 2025년에 찾아올 두 명의 인연
36850,손금으로 보는 매력도: 도화살 손금
28378,"[1단계 생각 정리] 미련일까, 사랑일까?"
32926,"2024년에 다가올, 대박운세 🧧 점성술과 타로카드로 미래를 열어봅니다. #총4000자 #연애운 #금전운"
25231,2023년 너의 연애 흐름을 알려줄게!
26252,[데일리] 지금 내 생각하고 있을까?
25473,그 사람은 나를 그리워하고 있을까?
30689,미래를 내다보는 인생 설명서
2223,금전운을 높이려면?
23187,이번 주에 만나게 될 인연은?
26534,[초반무료]그 사람의 행동예측 #속마음
24934,내 아이의 타고난 결혼운: 어떤 사람을 데려올까?
23121,3개월 안 마주하게 될 소중한 인연 알려드려요
20513,2022년 5월 운세 보고서
540,직장사람 속마음
18342,내 연애성향 분석표
29797,사주로 보는 성공운: 내 사주의 재벌가는?
25740,애틋하게 나를 짝사랑하는 사람
25986,[재회운] 그사람 다시 만날수 있을까?
26199,"멀어진 그 사람, 다시 만날 수 있을까? (연락, 재회 가능성과 시기)"
31456,[재회] {{이름}}님을 잊지 못한 그 사람의 속마음과 재회에 대하여..
23846,그 사람과의 '속궁합'은 어떨까?💖
39256,내 사주의 최고&최악 여행지는? (세계편)
43514,(특별할인) 재회 사주: 그 사람과 다시 만날 운명일까?
29653,시험운과 합격운
2127,이 주의 금전운
27249,우리는 결국 어떤 관계가 될까?
26231,나를 좋아하는 사람이 있을까?
30975,"💜그 사람 진심 : 그 사람이 말하지 못했던 나에 대한 진심, 내게 끌리는 감정 (7카드 7000자) #재회 #짝사랑 #썸 #커플 #이별 모두"
30941,"(추천할인) 그 사람과 나는 미래에 친구일까, 연인일까?"
23088,오늘의 썸 연애운: 그 사람과 잘 되는 법
25492,그 사람도 날 좋아할까...?
49321,연애견적서: 그 사람 만나도 될까?
28547,재회운 자판기 ❤️
25340,[연속 할인] 2023년 신년운세 보고서
19852,2022년 3월 운세 보고서
42036,[CRM할인] D-DAY 타로: 솔로 탈출까지 며칠 남았을까?
30318,[프로모션] 2023년 하반기 솔로탈출시기 + 사주로 보는 연애성향
2151,우리가 헤어진 이유
26981,그 사람 나랑 사귀고 싶어할까?
25453,(추천할인) 사주로 보는 적령기: 지금 따르는 길운은?
35400,손금으로 보는 결혼운
18708,새는 돈 막는 법
25836,"지금 이 순간, 그 사람 속마음"
25528,"그사람의 진짜 속마음, 우리의 미래는 어떻게 될까?"
28379,[2단계 이별 공식] 우리가 헤어진 '진짜' 이유
21151,(추천할인) 헤어진 연인 붙잡을 수 있을까?
26533,다시 사랑 할 수 있을까? 그 사람과의 재회운
19194,오행으로 보는 성격 특징 + 키링 패키지
26062,현재 그 사람의 감정을 읽어줄게!
19920,(추천할인) 그 사람이랑 결혼하면 어떨까?
2413,그 사람 사주풀이
25850,"지금 나를 좋아하는 사람, 누구일까?"
23921,그 사람 나한테 무슨 감정이야?
44273,🔋질문권 충전 (3개)
31633,그 사람의 3가지 속마음
21145,(추천할인) 썸 어떻게 될까?
23154,(추천 할인) 내 운명 지금 어디 있을까?
22030,[특별 쿠폰 전용] 놓치면 후회할 인연의 외모와 특징
26171,[결혼운] 💕당신의 결혼운
49916,연애 무물 타로: 6카드 스프레드
22795,사주팔자로 나의 성향 알아보기
21007,2023년 6월 운세 보고서
23853,2022년 11월 운세 보고서
57769,2026년 족집게 애정운 🌸
34707,"[8카드] 그 사람, 내 생각할까? 앞으로 어떻게 될까?"
31472,사주로 보는 결혼 시기와 자녀운
26210,3개월 동안 일어날 일 (3개월 운기 / 직업운 / 좋은소식)
24340,커플 연애운 : 내 연인의 속마음
24208,앞으로 만나게 될 두근두근 새로운 인연은?
25232,3개월 안에 일어날 3가지 대박운
43218,[3인 할인] 2025년 신년운세 보고서
23747,사전예약: 2023년 솔로 탈출 시기
29692,"그 사람과 나, 이대로 끝일까? ❤️"
27808,"초반무료) 그 사람은 ""오늘"" 내 생각을 했을까?"
43186,[히든스킬] 그 사람 속마음 [심화]
11273,둘 중 누구를 만날까?
36138,[깜짝 타임세일] 친구 VS 연인: 우리 둘 관계 어디까지?
24474,너도 내가 보고 싶어..?🙄💭
33228,"🥺삼각관계운:다른사람이 있는 것 같은 그 사람, 나와 다른 사람 중 누굴 선택할까? (6카드 8200자) #재회 #썸 #짝사랑#커플 모두"
25531,포토 타로: 최애랑 이어질 수 있을까?
25485,그 애와 나는 앞으로 어떻게 될까?
27197,앞으로 그 사람과 너의 운명을 알려줄게!
23715,두근두근 설레는 썸의 시작💓
30053,사주팔자:나도 몰랐던 나의 진짜 연애운
27152,그 사람 마음을 알기가 힘들어?
2129,싸우지 않으려면
26024,"그 사람, 아직 나에게 미련이 있을까?"
26592,지금 나에게 필요한 조언과 메시지💫
34777,[8카드] 그 사람의 진짜 감정과 앞으로 행동은?
30050,내 사주로 현명하게 배우자 고르는 방법
26172,[새인연]💕 연애의 시작을 알려줄 시그널
25452,그 사람의 속마음#짝사랑
22294,[악인 쿠폰 전용] 내 사주의 악인: 싹을 잘라야 할 불행의 근원
26687,[초반무료]재회의 가능성#속마음
34148,[사전 예약] 절대로 결혼하면 안 되는 상대
25843,재회운 3 : 전 연인에게 다른 사람이 있을까? 나와의 재회운은?
43284,[히든스킬] 그 사람과 나의 3가지 사주궁합
30189,"사주팔자 어장 VS 진심 : 그 사람, 날 좋아할까?"
26077,전하지 못한 그 사람의 진심💙
2461,나랑 안 맞는 사람
31441,"지금부터 6개월, 운명적인 일, 그리고 2024년도 운세🧧"
26174,그 사람의 속마음이 궁금해?? 다 파헤쳐 줄게!!!!
32156,"💘재회솔루션: 어떻게 해서든 재회 시켜드릴게요..! 가능성부터 장애물, 조언, 근황 등 탈탈 다 알려드려요(7카드 9300자)"
25491,오늘 그 사람은 나를 어떻게 생각할까?
26209,그 사람이 보여 줄 행동 변화
25858,[재회] 우리 다시.. 재회할 수 있을까..?
27978,"심층속마음 : 그 사람의 속마음 다 알려드려요 (🌹재회, 싱글, 썸 모두) (🍀 7카드, 6000자 이상)"
43711,"간단🍼👼임신운: 내가 만날 아이 어떤 아이이고, 언제 만나게 될까?#임신시기#임신운#임신타로 (2카드 3800자)"
21634,2022년 7월 운세 보고서
399,친구와의 우정궁합
45856,임신시기운👼🌷우리 베이비 언제 만날 수 있을까? 임신운 장인 라망타로가 똑부러지게 알려드려요😄✨(1카드 3000자)
30694,그 사람은 내 속마음을 알고 있을까?
36630,[본 스킬] 2개 구매자 추가 할인
25490,우리 다시 만날까?#재회운
53644,관상 컨설팅: 미래 배우자 스펙 UP
26101,앞으로 보이게 될 그 사람의 행동!
25456,그 사람도 내 생각 할까?
27093,[초반무료]멀어진 우리 운명은?#재회운
33217,"😈후폭풍운: 그 사람 나때문에 후폭풍 오고 힘들까? 나에 대한 현재 찐 감정,근황, 재회가능성까지 (7카드,9000자) #재회 #썸 #짝사랑#커플 모두"
28402,한 달 동안 우리 사이에 벌어질 일
35367,[8카드] 그 사람의 진짜 속마음과 앞으로 관계흐름은?
25977,"지금, 그 사람의 생각을 자세히 읽어줄게!"
34736,"⏰지금속마음: 그 사람은 나를 어떻게 생각할까? 👩‍❤️‍💋‍👨(7카드,9200자)나의 이미지, 나에 대한 감정, 우리의 관계 등💖 #커플 #썸 #짝사랑 #재회 모두 가능"
21139,(추천할인) 다음 연애 상대와의 궁합은?
30706,사주로 보는 직업과 사업
25435,타고난 숙명과 은덕: 조상이 물려준 땅 있을까?
30148,지금 이순간 그 사람의 속마음🔍
26184,그 사람 속마음 심층 분석
26135,"🍒 헤어진 그 사람과 나, 재회할 수 있을까? 🍒"
26179,오행박사가 알려주는📢 사주로 알아보는 그사람의 진짜 속마음
34802,"{8카드} 그 사람, 다시 만날 수 있을까? (연락, 재회 가능성과 시기)"
30809,사주팔자 : 내가 가진 타고난 매력 200프로 활용하기
19358,2022년 놓치면 안 될 3번의 기회(추천 할인)
23186,이번 주에 고백하면 성공할까?
49919,연애 무물 타로: 9카드 스프레드
52886,하반기 무물타로: 7카드 스프레드
30908,[속마음] 내 생각할 때 무슨 생각해?
36593,[사전 예약] 1개 구매자 추가 할인
44274,🔋질문권 충전 (5개)
26238,(추천할인) 도화살로 보는 결혼 vs 비혼
526,우리가 싸우는 이유
26166,[연락운] 그 사람한테 연락 오는 정확한 시기
37873,"[판밍밍 추천] 다음 연애 언제, 어디서 시작될까?"
27416,(추천할인) 결혼 OX 궁합: 이 사람과 결혼해도 될까?
23119,나와 운명의 붉은 실로 묶이게 될 인연
24571,내 결혼운과 배우자 복🤵‍♂👰‍♀
31832,[포토카드 3장] 마침내 만나게 될 내 운명
26848,그 사람의 진심 -썸 편-
25398,2023년 2월 운세 보고서
39324,(업셀링_결혼OX궁합) 내 사주의 연애와 결혼: 운명의 두 사람
26022,자녀 성공 사주: 내 아이 재물운 터지는 방법
21372,✨사전예약자 전용✨ 2022년 하반기 운세 보고서
26371,[궁합] 그 사람과 나의 궁합 점수는?!
26192,너 언제 연락할거니?#연락운
2283,더 멋진 내가 되는 법
25594,지금 나에게 관심 있는 사람💜
54503,운명의 결혼 상대: 배우자 스펙·결혼 시기·만나는 법
32491,[추천] 내 사주의 연애와 결혼: 운명의 두 사람
55030,임신·출산 타로: 임신 가능성·둘째 고민·가족의 미래
31206,(추천할인) 그 사람과 나의 인연: 이 사랑의 결말은 어떨까?
2343,우리 2세는 어떤 아이일까?
35831,"재회🦄연락운💝 그 사람에게 연락이 올 지 알려드려요✨6카드,7500자✨ (연락을 안한 이유,나에 대한 속마음, 연애적 감정, 연락할 지, 연락시기, 관계흐름 등)"
25778,짠~ 하고 나타날 다음 연애 상대는?
34685,날 향한 상대의 확실한 속마음은?
25595,지금 그 사람의 속마음 💛
24648,"(추천할인) 내 운명의 인연, 언제 만날까?"
26145,"깊은밤, 상대방의 속마음은?"
34801,[8카드] 솔직히 나를 향한 그 사람의 숨겨진 진심은 뭘까?
34704,{8카드} 그 사람의 속마음 심층 분석
26398,[연락운] 그사람 나를 향한 감정💖과 연락운☎
28386,그 사람이 연락이 없는 이유& 나에 대해 숨기고있는 진짜 속마음 ❤️
27411,그 사람과 연인으로 발전할 수 있을까?
31211,[데일리] 지금 너도 나를 보고 싶어하고 있을까?
25449,썸 연애운 : 애매모호한 관계와의 연애운
24738,3가지 심리진단으로 보는 그 사람의 속마음은?
28381,"[4단계 다시, 만남] 재회를 위한 모든 것"
42327,[CRM할인] D-DAY 재회 타로: 다시 만날 수 있을까?
26498,지금 나를 좋아하고 있는 사람 누굴까?
24473,(추천할인) 타고난 성공운: 사업으로 부자 되는 법
25539,그 사람도 내가 보고 싶을까?
33482,"홍연❤️재회운: 완전 끊어져 파국일까? 이어져 재회할까?, 재회 가능성, 재회과정까지 #짝사랑#전남친#전여친#썸녀#썸남#썸#재회#이별 모두"
25080,2023년 나에게 다가올 행운과 성공의 열쇠
21205,반드시 잡아야 할 내 인생의 귀인貴人은? (초상화)
25071,2023년 1월 운세 보고서
26355,나를 좋아할 사람
541,직장생활 어떨까
26716,널 향한 그 사람의 속마음이 여기있댱!
43909,[특별할인] 2025년 신년운세 보고서
25462,이성을 홀리는 나만의 도화살 매력은 ?
34714,"👩‍❤️‍💋‍👨사귈운 : 그 사람과 사귀게 될까?재회될까? 👀 사귈 수 있는 가능성,속마음,사귀는 시기,조언까지#커플 #썸 #짝사랑 #재회 모두 가능 (7카드, 9000자)"
16407,손금으로 보는 나의 운세
32557,[프로모션] 그 사람과 나의 인연: 이 사랑의 결말은 어떨까?
31437,"❤️우리관계운: 그 사람과 나, 우리 관계의 결말은 어떻게 될까?(7카드, 7000자)#썸#짝사랑#속마음#재회#이별#재회운#새로운연애 모두 다"
32961,사주팔자 : 타고난 내 운명의 짝은
25924,썸 타는 그 사람의 진짜 속마음과 행동
26119,그 사람이 내게 원하는 것
2345,반려동물의 속마음
50509,[특별할인] 내 팔자에 새겨진 천년배필
26269,D-DAY 타로: 솔로 탈출까지 며칠 남았을까? | 유히로
31403,그 사람의 행동변화와 움직이는 계기
2253,결혼 위기 극복법
28403,150% 적중! 운명의 상대를 만나는 시기는?
2251,소개팅 상대 어떤 사람일까?
26087,그 사람도 날 좋아하고 있을까?
32789,상대방이 그리고 있는 두 사람의 미래
26246,(추천할인) 이별 실감: 우리가 헤어진 진짜 이유
19003,인간관계 SOS 패키지
25486,지금 {{이름}}님에게 관심있는 사람은? 💛
43219,[4인 할인] 2025년 신년운세 보고서
26816,그 사람은 나를 정말 좋아할까?
27215,내 사주의 배우자 궁에 있는 사람은?_결제
25627,우리사이 끝나면 누가 더 후회할까?🥲
32559,[프로모션] 비로소 만나게 될 나의 운명
29799,그 사람의 속마음 심층분석
20321,(추천할인) 다음 달에 애인 생길까?
26229,상대방의 최근 감정과 다음 행동
16651,장거리 연애 괜찮을까?
34803,{8카드} 그 사람의 솔직한 감정과 앞으로 관계 흐름은?
35368,{8카드} 그사람의 속마음과 앞으로 어떤 행동을 할까?
24967,"자꾸만 생각나는 그 사람, 나한테 호감일까?💖"
26154,[속마음] 그 사람에게 나는 어떤 존재일까?
31864,"🧜‍♀️연락운 : 당신만 모르는 그 사람이 연락을 안하는 이유, 연락해올까? 내가 연락할까?( 7카드, 8050자 ) #속마음 #썸 #짝사랑 #재회 #시기 #고백운 #연락운"
23704,내 마음은 지금 어떤 상태일까?
21172,"(추천할인) 다가올 인연의 외모, 성격, 직업은?"
26211,(추천할인) 인생 역전의 비밀: 내 사주에 주목할 운명은?
33452,"🫢연락시기운: 그사람 이때 연락해와요.. 👀연락하는 이유, 속마음, 재회가능성까지 ❤️#재회#이별#썸남#썸녀#전남친#전여친 등등(7카드 8800자)"
25963,[재회운] 이제 너를 놓아줘야 할까?
32496,[추천] 일생 풀이: 천운과 타고난 복(福)_인생 피는 살풀이
35593,[깜짝 타임세일] 사업운 vs 직장운: 경제적 자유 누리는 법
25642,나의 새로운 사랑
21142,(추천할인) 놓치기 싫은 그 사람 연애 스타일
31105,그 사람의 솔직한 속마음과 보여줄 행동은 뭘까?
26469,우리의 인연은 끝일까? 더 이어질까?
25847,속마음 오라클 카드 3장 뽑기
25739,헷갈리게 하는 그 사람! 무슨 생각인 거야?
34701,[8카드] 나에 대한 그 사람의 감정과 앞으로 관계 흐름은?
6315,짝사랑 잊는 법
25497,"그 사람은 나를 좋아할까? 지금, 그 사람의 속마음은?"
23087,오늘의 대박 지수: 금전운 풀이
26263,앞으로 그 사람과 어떻게 될까?
27285,"[재회,관계운] 그사람의 마음속엔 내가 있을까?🌹💟"
33118,"⭐️재회결판운: 내가 노력하지 않아도 재회 가능할까?연락올 지, 만날 기회, 조언까지 (7카드,8500자) #재회 #썸 #짝사랑 모두"
30183,"바람운 : 👀그 사람, 바람피는 걸까? 🧐다른 사람이 있는 걸까? #재회 #솔로 #짝사랑 #썸 #커플 모두👀( 7카드, 6500자)"
29690,3장으로 읽는 재회운 타로 ❤️
24109,반드시 만나게 될 나의 소울메이트❤
32137,다시 만날 수 있나요? 재회운과 두 사람의 미래 ⭐
27726,그 사람이 너에게 이 말을 꼭 하고 싶대!
25834,✨그 사람은 나를 어떻게 생각할까?
27409,내 사주의 가장 강한 복은 뭘까?_결제
30019,2023년 음력 6월 운세 보고서
28184,연락 온다 vs 안온다 ❤️
30115,지금 내게 연락 할 생각 있을까?
27324,속마음운 2: 말 못한 그 사람의 진짜 감정은?
27090,멀어진 그 사람에게 연락이 올까?
25474,스쳐지나가는 인연이 아닌 진짜 소울메이트 인연은 누굴까?
26774,그 사람에게 나는 어떤 의미일까?
26328,한 달 안에 재회 가능할까?
26615,그 사람과 결혼까지 할 수 있을까?
27816,너의 숨겨진 속마음
40114,(등차할인) 사주로 보는 인생 그래프: 일생풀이
25364,내 마음 언제쯤 괜찮아질까? : BIG 5 기반 상처유형 진단
27379,앞으로 그 사람과의 관계 흐름을 알려줄게!
20348,타고난 궁합: 우리 사이 몇 점일까?
11305,소울넘버별 나의 동화같은 전생 이야기
27805,헤어진 사람과 재회운이 있을까? ❤️
39326,(업셀링_결혼OX궁합) 사주로 보는 그 사람의 속마음
25745,그 사람 나한테 무슨 감정일까?
27014,앞으로 그 사람의 행동 변화를 알려줄게!
25001,결혼운 : 내 배우자의 모든 것
28768,그 사람과 연애할 수 있을까? ❤️
24762,[협력유통] 그 사람 속마음 [심화편] | 타로아델
25805,"그 사람, 나를 그리워하고 있을까?"
33679,그 사람 속마음 [심층편]: 그 사람의 모든 것
30581,당신의 미래를 바꾸는 직업 발견
34545,{6카드} 나를 향한 그 사람의 감정과 보여 줄 행동은?
26239,(추천할인) 내 사주의 인생 2막 언제 올까?
40280,(시리즈 할인) 여름 운세
32794,[추천] 인생역전 3대운 풀이_길운과 복록
28186,"그 사람, 나에 대한 속마음 ❤️"
26021,"연락, 기다릴까? 먼저 해볼까?"
30976,그 사람은 언제 나에게 다가올까?
26594,그 사람이 보여줄 행동을 알려줄까요?
25645,"인정하기 힘든 이별.. 뒤에 남은 나.. 재회,연락올까?"
25451,헤어진 그사람 진짜 속마음💖
17839,이상형과 만날 확률 계산기
34473,[8카드] 그 사람의 속마음과 앞으로 행동은?
34950,7카드🔮그 사람의 속마음#행동예측
43186,[특별할인] 그 사람 속마음 [심화]
35828,사주 살풀이: 2024년에 일어날 수 있는 안 좋은 일과 회피법
22988,애인이 있어도 외로운 이유는?
38168,"그 사람, 지금 나에게 어떤 마음일까?"
32887,🙏재회공략법: 재회로 이끄는 만능키🗝️알려드려요(연락시기/그 사람에게 어필해야하는 것/결국 재회가 되는 지 등) #이별 #재회운 #썸 #짝사랑 #연락운(💘7카드/9300자 )
31006,사주팔자 : 하반기 내 진짜 운명은 어떻게 될까?
26094,그 사람도 나를 좋아하고 있을까?
30610,🐻간단 바람운: 나말고 다른 사람 좋아하는 걸까? 나를 더 좋아할까?(3카드 4500자)
33241,[패키지] 네이버 인플루언서 초단기 달성 노하우
29290,"💜속마음인연운: 말하지 못한 진짜 속마음과 그 사람과의 인연을 알아보아요(7카드)-썸, 관심남녀, 지인, 커플, 헤어진 사람 모두 (5500-6000자)"
32361,취업의 최종 합격부터 직장 생활까지
31144,2023년 음력 7월 운세 보고서
26749,[초반무료]이 썸의 미래#속마음
26089,그 사람 속마음 (10카드)
47770,"[페이백] 💵 재물운 분석 완결판: 부업, 재테크, 귀인"
26472,2023년 4월 운세 보고서
49920,연애 무물 타로: 10카드 스프레드
36055,그 사람이 숨기려하는 것과 말하고 싶어하는 마음
2454,내 연애가 오래 못 가는 이유
32363,"🏃‍♂️그사람행동운: 그 사람이 내게 할 다음 행동?🌝 재회/사귀는 관계 진전?👩‍❤️‍👨혹은 파국?☠️ #커플 #짝사랑 #썸 #이별 #재회까지 (7카드, 8500자)"
28370,나를 향한 그 사람의 진짜 속마음은?
52888,하반기 무물타로: 10카드 스프레드
43877,[페이백] 사주로 보는 결혼 : 그 사람의 본심 👤
25429,왜 나는 매번 짝사랑에 그칠까?
25410,"2023년, 내 연애운이 꽃피는 시기"
26170,[썸연애운] 지금 그사람의 진짜 속마음💖
37872,[판밍밍 추천] 3개월 안에 다시 만날 수 있을까?
56185,2026년 신년운세: 궁금한 건 다 봐주는 신년 타로
29358,그 사람의 속마음& 1주일 안에 보일 행동 ❤️
27347,그 사람과 어떻게 될지 알려줄게요!
42429,[히든스킬] 절대 놓치면 안 될 결혼 상대와 시기는?
27092,그 사람의 속마음을 자세히 알려줄게!
26152,"🍒 한달 내로 그 사람에게 연락이 올까? 🍒 (짝사랑, 썸, 재회)"
26512,[짝사랑] 짝사랑하는 그사람 속마음
25788,헤어진 그 사람이 나에게 보내고 싶은 편지💌
33647,(추천할인) 2024년 놓치면 안 될 3번의 기회
24574,궁합운 : 그 사람과 나의 궁합
2182,고백 잘하는 법
17905,연애를 시작하기 어려운 이유
51500,[창광_25하반기] 1개 구매자 추가 할인
25854,그 사람은 이 관계를 어떻게 하고 싶은 걸까?
29793,사이드잡 성공 5-STEP 프리패스
32359,관계 흐름: 그 사람과 나의 3개월 뒤 미래는?
27971,"우리, 결국 사귈 수 있을까?"
42034,[창광_24하반기] 2개 구매자 추가 할인
44277,🪫질문권 추가 충전 (3개)
25988,그사람과 현실적인 연애가능성(썸 연애운🌸)
27908,앞으로 그 사람과 나는 어떤 관계가 될까?
26332,그 사람에게서 연락이 올까?📮
25846,그 사람의 무의식 속 마음과 우리가 만나게 된 이유
25331,[3인 할인] 2023년 신년운세 보고서
26645,그 사람이 당신에게 하고 싶은 말을 알려줄게요!
25650,"[썸, 짝사랑] 2023년, 그 사람과 어떻게 될까?"
26354,그 사람 재회 원할까?
28815,그 사람과 너의 운명을 읽어줄게!
39851,"임신심화운👼🪽내 아이 만날 가능성, 성별, 성격, 재능, 직업, 진로, 어떤 아이일까? (7카드, 12000자)"
26641,올 해 안에 솔로탈출 할 수 있을까?
26409,"[연락운] 그사람, 언제 연락 올까?"
57835,[추가구매] 2026 병오년 운세: 사랑과 인연
21149,(추천할인) 재회 가능성 있을까?
17413,짝사랑을 포기하지 못 하는 이유
27217,그 사람은 날 어떻게 볼까?
30483,"😍애정비교: 그사람이 더 날 사랑할까?내가 더 사랑할까? 👀 💝 #썸 #짝사랑 #커플 #이별 #재회 모두 (7카드, 8000자)"
28382,현재 나를 좋아하고 있는 이성이 있을까? ❤️
31534,천기누설 : 하늘에서 부여받은 타고난 나의 모습
26357,그 사람이 너에게 하고 싶은 이야기
25967,💘[솔로연애운] 나에게 곧 다가올 새로운 사랑!
26276,그 사람 속마음 [심화편] | 유히로
33454,차마 꺼내지 못한 진짜 속마음은?
22595,(추천할인) 사업운 vs 직장운 : 경제적 자유 누리는 법
25470,앞으로 흘러갈 그사람과의 흐름
29206,앞으로 그 사람의 속마음과 행동은 뭘까?
57109,[창광_26신년] 1개 구매자 추가 할인
26167,그 사람의 날 향한 첫 감정/ 지금의 감정
47902,[특별페이백] 2025년 솔로 탈출 시기
27120,그 사람도 당신을 보고 싶어 하는지 알려줄게요!
26650,곧 나에게 운명적으로 다가 올 사랑❕
28564,"심층재회연락운: 누가 먼저 연락해서 재회가 될까?(7카드, 6000자)"
35891,손금으로 보는 나의 역린(逆鱗)
24044,사주 살풀이: 타고난 살과 2023년의 살 | 김밀구
25825,2023년 3월 운세 보고서
17674,나는 퇴사 준비가 됐을까?
25635,나는 도화살이 있을까?
2167,이 주의 건강운
19364,2022년 신년운세 보고서(LITE 이용후 전환)
25785,그 사람과 나는 그린라이트일까?
33484,그 사람 앞으로 어떻게 행동할까?
27281,그 사람도 나와 같은 감정일까?
29125,"우리 다시 만날 수 있을까? (feat. 재회, 연애, 이별)"
29162,"연락할 생각이 있다vs없다 , 연락이 온다vs안온다 ❤️"
35692,"핵심👼재회운 : 재회 할 마음이 있는 걸까? 상대방 속마음, 그 사람 행동력, 재회 시기✨(5카드 6400자)"
25466,"내 마음 속, 그사람의 속마음은?"
24709,"[썸, 짝사랑] 2023년, 그 사람과 어떻게 될까?"
31337,[재회] 우리 다시 만날 수 있을까? 재회 가능성(%)
37574,"☠️핵심 바람운 : 나 외의 다른 사람이 있을까?☠️(1카드, 1350자)#썸 #커플 #남친 #전남친 #이별 #재회 모두 가능"
35826,중년 이후 찾아올 사랑: 남은 연애 상대 몇 명일까?
52258,[특별할인] 2025 을사년 하반기 애정운
30511,사주팔자 : 타고난 내 귀인복
28927,"애매한 그 사람, 어장관리일까? ❤️"
29804,겉궁합+속궁합💝궁합할인패키지
33636,반드시 알아야 할 그 사람 속사정
30479,나를 향한 그 사람의 솔직한 감정은 뭘까?
29691,현재 나를 속으로 좋아하고 있는 이성❤️
26223,그 사람과 나는 앞으로 어떻게 될까?
27420,그 사람은 나를 얼마나 좋아할까?
31604,"👩‍❤️‍👨다음연애운 : 내게 푹 빠져 매달리게 될 운명적인 다음 인연, 누구일까 💘👀 #솔로운 (7카드, 7500자 )"
28103,"재회운, 연락운 : 언제까지 기다려야 하나요?"
34686,사랑의👩‍❤️‍💋‍👨 깊이 : 그 사람의 진심은? 가벼운 마음일지 운명의 상대로 여길 지 알려드려요 (4카드 5500자) #커플 #썸 #짝사랑 #재회 모두 가능
26336,궁금한 그 사람의 진짜 속마음은?
19527,(추천 할인)네이탈 차트: 내 타고난 성격 리포트
35598,"지금 연애운💘날 지금 사랑하고 있는 사람😎어떤 사람? 관계 진전 흐름까지 #커플 #썸 #짝사랑 #재회 모두 가능 (5카드, 6000자)"
32991,"🫢그사람찐💝감정: 내게 말하지 않은 찐 감정💝끌렸던 이유, 느끼는 감정, 관계적인 목표와 관계흐름까지 (7카드,9000자) #재회 #썸 #짝사랑#커플 모두"
25730,그 사람의 현재 속마음은?
28004,2023년 5월 운세 보고서
26160,[재회운] 우리 다시 시작할 수 있을까?
34774,"🥹그리움운: 나를 얼마나 그리워할까? 먼저 다가올까? 재회가 잘 될 수 있을까? (5카드 ,6500자) #썸 #이별 #재회 #이별 #다툼 #커플 모두"
27904,그 사람은 나를 얼마나 보고싶어 할까?
25306,"앞으로 한 달 안, 내 앞에 나타날 인연👩‍❤‍👨"
26186,[서브컬쳐 ONLY] 우리는 맞관일까?
19007,🎉 사전예약 D-0 🎉 2021년 하반기 운세 Premium
26113,그 사람이 너에게 하고 싶은 말
27772,그 사람과 연인이 될 수 있을까?
26143,나만의 소울메이트💘
39425,[깜짝 타임세일] 내 인생의 귀인 + 운명의 상대는?
28188,그 사람의 진짜 마음은 뭘까?
26754,그 사람도 날 생각하고 있을까?
26809,그가 숨기고 싶어하는 것과 말하고 싶어 하는 것
19261,[할로윈 프로모션] 2022년 솔로탈출시기
33485,그 사람의 속마음 3가지는?
33417,"🙏딥속마음운: 내가 자길 좋아한다고 생각할까?그 사람이 다가올까 내가 다가갈까?(7카드, 8800)#커플 #재회 #썸 #짝사랑 #이별 모두 가능"
28903,그 사람에게 너는 어떤 존재인지 알려줄게!
26104,현재 나의 합격운과 성공운은 ?
26493,앞으로 그 사람과 어떻게 될지 알아볼게!
26476,다른 사람들이 보는 나만의 매력💋
30691,내 무의식과 진짜 모습
26106,그사람은 지금 나를 어떻게 생각할까?
30611,"그 사람과 나의 관계는 언제, 어떻게 될까?"
25772,그 사람의 진짜 속마음은?
30322,그 사람이 숨기는 진심 (10카드)
25750,(추천할인) 인생역전 3대운 풀이: 대운은 언제 들어올까?
43321,해몽테스트_통합결제_B
30346,[프로모션] 타고난 부(富) + 사주로 보는 재테크 비법
19211,종강 전에 연애할 수 있을까?
26751,"이직운,퇴사운,직장운의 모든 것"
31469,그 사람은 언제 연락이 올까?
26222,앞으로 그 사람의 행동을 알려줄게!
54040,독이 되는 관계: 11카드 스프레드
27812,나는 상대방의 이상형일까? ❤️ 상대방이 본 내 이미지와 매력 ❤️
29752,그 사람이 차마 말하지 못한 진심은?💌💗
32525,"🧐근황운: 헤어진 그 사람, 어떻게 지내고 있을까?😃 내 생각은 할까?🥹 재회 가능성까지( 7카드, 만오백자 )"
26121,"그 사람, 다시 만날 수 있을까"
25857,헤어진 그 사람과 재회 할 수 있을까?
25496,내가 좋아하는 이성의 속마음
28037,사주로 보는 내 인생 총운
26396,다시 만날 수 있을까?
25849,좋아하는 그 사람의 속마음은? | 유히로
27344,그 사람이 예측하는 내 마음과 감정을 알려주겠댱!
26243,(추천할인) MBTI 종결 타로: 내 평생의 인연은?
28697,그 사람이 너에게 꼭 하고 싶은 말
17641,그 사람 성격 분석 보고서
43851,"[페이백] 이별, 그 후… 너와 나의 속마음"
2432,권태기 극복하는 법
25792,[연락운] 연락할까 말까?
4342,별자리 성격 분석 레포트
29522,"인연운 : 우리 인연은 어디까지 이어질까?( 7카드, 5500자 이상)-#이별 #재회 #썸 #관심남녀 #지인 #커플 #헤어진 사람 👀 모두 😄"
35989,"매력심화운🧚당신만 모르는 그 사람이 환장하는 나의 매력, 과연 뭘까? 다른 이성들의 생각과 앞으로의 연애운도😃 (6카드 8500자)#솔로 #썸 #커플 #짝사랑 #이별 모두"
26188,그 사람과 결국 사랑할 수 있을까?
33349,그 사람의 3가지 속마음 + 곧 하게 될 행동
27607,앞으로 그 사람은 이렇게 행동할 거예요!
25853,그 사람의 바람기는?
29489,그사람이 그대에게 고백 하고 싶은 말... #속마음 #진심
25835,그 사람의 속마음 vs 무의식 비교하기!
26757,"짝사랑, 그 사람은 날 어떻게 생각할까?"
29359,"그 사람의 속마음과, 인연이 남았을까? ❤️"
27640,그 사람과 재회 가능할까?
33361,그 사람이 너에게 느끼는 감정/ 앞으로의 감정변화
26536,당신이 궁금했던 그 사람의 속마음을 알려줄게요!
26475,지금 현재 그사람의 진짜 속마음은?
44276,🪫질문권 추가 충전 (1개)
26027,그 사람의 속마음을 읽어줄게!
27343,"재회결혼운: 그 사람이 내 마지막 운명의 짝일까?(6카드, 5000자)"
2256,내게 맞는 다이어트 방법은?
38143,그 사람이 앞으로 보여줄 행동
27508,미처 말하지 못한 그대를 향한 진심... #속마음
29687,곧 나와 만나게 될 필연의 특징과 시기 ❤️
26506,"내가 먼저 고백/대시 한다면, 우리 사귈 수 있을까?"
26360,"그 사람, 내가 보고 싶을까?"
34735,사주팔자: 하늘이 내려준 나의 미래 배우자는?
27673,"관계운: 우리 인연은 운명일까? 아닐까?(6카드, 6000자)"
25335,지금 나에 대한 그 사람의 감정은?
26651,이 사람이 나의 운명의 짝일까?
28830,그 사람과 나는 미래에 어떻게 될까?
22789,아무리 쉬어도 2% 부족한 이유는?
30150,그 사람의 숨겨진 속마음은 뭘까?
22889,(트랙킹용) 2023년 신년운세 보고서 부적 1개
25480,나의 다음 연애 상대는? (새로운 이성의 등장)
32689,2023년 음력 9월 운세 보고서
23221,직접 뽑아보는 다음 달 운세
29205,그 사람은 나에게 호감을 느낄까?
24308,사주팔자로 나의 장단점 알아보기
34715,재회에 대한 그 사람의 속마음 (재회운)
34571,(추천 할인) 2024년 솔로 탈출 시기
39159,[24년 삼일절 연휴] 타고난 결혼운 + 내 운명의 상대
26466,"그 사람, 나를 그리워하고 있을까? 다시 만날 가능성은?"
43582,[특별페이백] 운명의 상대 공략법
42985,"임신👼성별운: 앞으로 만날 우리 아이 딸일까? 아들일까? (1카드, 3000자) #임신 #성별 #타로 #타로임신운"
31239,그 사람과 너의 연애 흐름을 말해줄게!
36616,짝사랑하는 그와 당신의 미래를 알려드립니다.(총3000자)💎💍#팩트폭력
33488,곧 너에게 할 3가지 행동은?
29999,"😍그사람속마음: 그 사람 나 좋아하나? ❤️ 솔로, 재회, 커플 모두 가능 🤭 #썸남 #전남친 #지인 등 👀속마음과 이후 계획(7카드, 7800자)"
30693,"지금, 그 사람도 내 생각 할까?"
24506,(추천할인) 내 아이는 출세할 사주일까?
31963,사주팔자 속 숨겨진 상대방의 진짜 모습
28977,그 사람은 나와 연애할 생각 있을까? ❤️
26176,[결혼운] 나의 결혼운💍(내 결혼의 모든것)
32989,"그 사람과 다시 만날 수 있을까? (연락, 재회 가능성과 시기)"
33455,그 사람과 나의 미래는 어떨까?
33483,"재회 💝 끌어당김운: 멀어진 상대방의 진짜 재회에 대한 속마음, 조언, 재회여부까지 #짝사랑#전남친#전여친#썸녀#썸남#썸#재회#이별 모두(6카드,8000자)"
26538,그 사람이 당신을 좋아하는지 알려줄게요!
43322,해몽테스트_통합결제_C
27121,딱 말해! 너 나 좋아햐냥?!
18136,풀리피의 타로 클래스
26278,그 사람 아직 나한테 미련 있을까? | 유히로
43679,[창광] 2개 구매자 추가 할인 (2025년 신년운세 통합본)
43320,해몽테스트_통합결제_A
33525,"👀💭재회특파원: 미래에서 보고 왔어요, 재회했는 지, 어떤 관계일 지 다 알려드려요 #재회운 #이별 #헤어짐 #연락운 #인연"
25597,한 달 안에 들려올 희소식#행운파워UP
35438,[깜짝 타임세일] 내 사주에 연애 상대 몇 명 있을까?
26205,간단 재회운: 30일 내로 재회할 수 있을까?
30052,그 사람과 나의 관계운
26914,[데일리] 오늘은 연락이 올까?
31148,그사람이 그대에게 하고싶은 고백❤️ #속마음
31568,우리는 어떤 관계가 될까?#커플가능성예측
21998,[행운의 사다리] 그 사람 속마음 [심화편]
26226,"재회운, 그 사람을 다시 만나려면?"
30249,그 사람은 나에게 어떻게 행동할까? 관계 변화는?
37738,사주로 보는 우리 모임 궁합은?
34137,사주팔자: 사주로 보는 나의 치명적 매력은?
26684,그 사람은 내 생각 할까?
30974,"❤️그사람의 속마음, 진심, 하고픈 말 ❤️"
30480,❤바로 지금 이 순간 그사람의 속마음🧡
25336,[4인 할인] 2023년 신년운세 보고서
25749,우리는 어떤 인연일까?
26610,짝사랑 잘 될까
25409,"이말을, 이 고백을 하고 싶었대요."
23120,나의 운명적 소울메이트
55394,[4인 할인] 2026년 신년운세 보고서
34596,[패키지] 연 매출 1억 온라인 창업 시작하기
23024,외로움 악순환에서 벗어나는 3가지 방법
33386,"👩‍❤️‍💋‍👨연애공략법: 그 사람 내 사람으로 만들기! 도와드립니다 ⭐️이 집중 공략법이면 그 사람은 내꺼💝(7카드,9000자) #재회#이별#커플#썸#짝사랑 모두 가능"
33086,"💌선연락운: 그 사람의 연락이 올까? 💘 연락을 더 빨리 오게 하는 비법 (7카드,8500자) #재회 #썸 #짝사랑#커플 모두"
34869,2024년 몇 월에 애인 생길까?
33318,"🤯잠수운: 당신만 모르는 그 사람 잠수한 이유, 연락해올까?
 (7카드 8500자) #재회 #이별 #잠수 #연락운"
55393,[3인 할인] 2026년 신년운세 보고서
28465,앞으로 그 사람은 어떻게 행동할까?
34834,"⚖️결정! 👩‍⚖️ 그 사람에게 다가갈까? 기다릴까? 🥹 그리고 관계흐름과 그 사람의 나에 대한 모든 마음까지💘 #커플 #썸 #짝사랑 #재회 모두 가능(7카드,8500자)"
33549,"😄새로운연애운: 내 평생의 인연이 되어줄 그 사람😎 어떤 사람인 지,만나서 어떤 관계일 지,어떻게 만날지,만날 시기,내가 얻을 수 있는 것까지 알려드려요 👀(7카드8500자)"
2288,{{시스템_지금몇월}}월의 운세
26338,[이미지] 👀사람들은 날 어떻게 볼까?
38893,"3개월연애운💖👩‍❤️‍💋‍👨 앞으로 내 연애 어떻게 될까? 그 사람의 속마음, 속마음, 사랑의크기,이후 관계운 #재회#이별#짝사랑 #커플 #썸 모두 가능(3카드 6000자)"
30812,지금 날 좋아하는 사람은?#연애운
34939,"😈핵심 후폭풍운: 그 사람 나때문에 후폭풍 오고 힘들까? 나에 대한 현재 찐 감정,먼저 다가올지, 재회가능성까지 (3카드,5000자) #재회 #썸 #짝사랑#커플 모두"
25838,상대방이 나에게 품고 있는 감정은?
26173,"그 사람이 받을 벌, 알고 싶으세요?"
28565,"그 사람도 날 생각할까? (feat. 연애, 이별)"
30841,이번에 합격운 있을까?
25852,솔로탈출 언제할까?#다음연애
37349,"🎇2024년 합격운, 취업운🎇#산신할머니"
26894,너도 날 그리워 하냥!
30549,그 사람이 나에게 보여 줄 행동은 뭘까?
29360,"집시점으로 보는, 헤어진 사람 재회운 ❤️"
36033,그 사람의 속마음을 알려줘!#짝사랑
25443,결혼 : 나의 미래 배우자는?
31442,그 사람과 나는 사귈 수 있을까?
32498,사주에서 보이는 {{이름}}의 미래 배우자는?
27975,그 사람은 나를 연애 상대로 바라볼까?
25741,내가 생각하는 그 사람 현재 나를 어떻게 생각하고 있을까?
32371,그 사람의 속마음을 그대로 전해줄게!
27190,도대체 그 사람은 무슨 생각일까?
26187,그 사람의 숨겨진 진심은? [심층 속마음]
52891,👇여기서만 할인👇 도화살로 보는 연애운 전성기
26274,"다음 연애 언제, 어디서 시작될까? | 유히로"
29554,"우린 결국 어떻게 될까? (feat. 연애, 썸, 이별)"
26325,"[썸] 애매한 너, 지금 나 좋아하는 거 맞아?!"
30973,그 사람과 나는 어떻게 될까?
57076,[특별할인] 2026년 신년운세 보고서
25780,나는 누구와 언제 결혼하게 될까?
26457,그 사람이 너를 좋아하는지 알아볼게!
26410,그 사람이 너에게 하고 싶은 말을 전해줄게
28187,[초반무료]3개월 안에 사랑이 올까요?
29490,"6개월연애운: 💘 내 옆자리를 채워줄 사람은 누구? ( 7카드, 6000자) #솔로 #싱글 #연애운 #재회운 #재회"
33022,🎇총4000자: 나의 금전운과 취업운 완벽예측🎇#타로라포
30152,나를 향한 그 사람의 속마음
29093,그 사람과의 관계는 어떻게 될까?
16783,"나의 럭키넘버,2024년 타로수비학 운세!"
31606,솔직히 나에 대한 그 사람의 진심은 뭘까?
27806,궁금한 그 사람의 속마음
32297,"[총4000자] 그사람이 원하는 것, 그리고 미래는? 💌 점성술과 타로카드로 미래를 열어봅니다. #속마음 #재회 #운명"
2349,내가 살기 좋은 나라는?
26582,그 사람이 느끼는 감정을 알려줄까요?
27725,2023년 하반기 운세 보고서_부적 5개
27246,[초반무료]너와나의속사정💋속궁합
26264,그 사람은 나를 좋아하고 있을까?
29357,"집시점으로 읽는, 재회운 ❤️"
30088,너는 나에게 얼마나 끌려?💞
55855,"심화🤵그사람속마음:그 사람 진짜 속마음은 뭘까? (3카드, 6400자)#속마음타로#진심타로#재회운타로#단절타로"
26758,"이 사람, 믿어도 될까? 날 위해 할 노력"
30182,그 사람과 너는 앞으로 이렇게 될 거야!
26144,"우리, 재회할 수 있을까?"
34047,우리 사이의 변화: 그 사람이 할 행동은?
23152,불안을 멈추는 3가지 방법
26139,"전애인의 속마음, 염탐, 연락 외 5종 세트"
32993,진심판별타로:넌 나를 어떻게 생각해?
32459,나를 향한 그 사람의 진짜 마음은 뭘까?
34778,그 사람에게서 연락이 올까?
26768,나에게 맞는 일은 어떤 것일까? (적성과 진로)
33486,그 사람과 나의 결말은 어떨까?
32920,그 사람의 3가지 속마음 + 미래의 관계는?
2231,나와 잘 맞는 친구
30184,그 사람의 속마음은 뭘까?
28532,그 사람과 재회할 수 있을까? 재회 가능성과 시기는?
2249,면접 잘 보는 방법 뭘까?
37014,선택운🧸:앞으로 새로운 인연! 구페일까? 뉴페일까?🪽딱 정해드려요 (7카드 9999자)
29488,삼각 관계속 그사람의 속마음은? #타로라포
30090,[연락운] 1주일 안에 그 사람에게 연락이 올까?
25995,나는 사람들에게 어떻게 비춰질까?
28862,"헤어진 사람 속마음과, 한달내 보여줄 행동❤️"
27906,그 사람과 결혼까지 갈 수 있을까?
33682,곧 하게 될 그 사람 행동 3가지
29204,"그 사람의 진짜 속마음은? (feat. 연애, 썸, 이별)"
28630,지금 나와의 미래를 기대하는 사람..❤️
38137,"결혼운👰‍♀️심화판💍 나의 결혼 상대 누굴까, 상대의 특징, 언제 만날까, 결혼 후 내가 얻는 것, 우리는 어떤 인연?등등
 (9카드, 만칠천자)"
11307,소울넘버별 관계와 연애의 묘수!
26514,"연락운, 그사람에게 연락이 올까?"
26501,그 사람은 이제 어떻게 하고 싶을까?
33616,"16카드: 속마음과 미래, 연락, 속사정, 행동"
25737,그 사람과 재회 할 수 있을까?
30612,그 사람은 나에게 언제쯤 행동 변화가 있을까?
32990,"지금, 그 사람은 나에게 무슨 감정일까?"
27448,너도 내가 보고싶을까?
29693,"멀어진 그 사람, 한달안에 연락올까? ❤️"
32723,그 사람이 너에게 어떻게 행동할지 말해줄게!
37381,💘😇그 사람 속마음: 나에게 말하지 않은 찐 마음은?(1카드 1200자) #짝사랑 #솔로 #싱글 #커플 #이별 #재회 모두 가능 💘😇
31834,그 사람이 너에게 숨기고 있는 속마음을 읽어줄게!
25829,너 나 좋아하니?#속마음썸마음 완벽분석
29356,"그림 오라클로 읽는, 헤어진 사람 속마음 ❤️"
28766,우리는 다시 만날 수 있을까요? #재회 #속마음
26012,그 사람의 진심과 우리의 미래
26129,그 사람도 나를 좋아할까?
26378,그 사람은 너에게 이 감정을 느끼고 있어!
32492,그 사람과 당신의 연애 흐름을 알려줄게요!
29759,그 사람은 나와 어떻게 하고 싶을까?
25137,그 사람 내 SNS 염탐할까?👀
27809,현재 나에게 강하게 들어온 인연은? ❤️
26268,지금 애타게 나의 연락을 기다리는 사람
34383,"16카드 재회운 심층 풀이: 연락, 재회, 행동, 속마음"
2466,반려동물과 나의 전생 관계
26291,올봄 나의 연애운은?
27712,지금 그 사람 속마음이 알고싶나?
28383,그 사람도 나를 좋아할까?
26484,그 사람의 속마음을 너에게 전달해 줄게!
33629,재회 생각 할까 + 앞으로 할 행동은?
26234,"그 사람과 인연일까? 전생의 관계, 현생의 업, 미래예언"
33359,재회운끝장타로🙏9카드심화리딩#할인패키지
26020,"지금 궁금한, 그 사람의 속마음을 알려드려요"
34570,(추천할인) 2024년 신년운세 보고서
26140,너도 내가 보고 싶을까?
31935,이성들이 보는 {{이름}}의 이미지는?
33416,그 사람은 나에게 언제 마음을 전할까?
37013,"[깜짝 타임세일] 내 운명의 인연, 언제 만날까?"
26535,그 사람에게 나는 어떤 존재일까?
33227,앞으로 그 사람이 할 3가지 행동
30580,그 사람도 너와 같은 마음인지 알려줄게!
26490,[애정운] 내게 다른 이성이 생기면 그사람 질투할까?
56383,2026년 나에게 찾아올 12가지 행운
30315,"💫주파수운 : 💘그 사람이 내게 설레이는 포인트, 날 좋아하는 이유, 속마음 등 모두 다 알려드려요👀 💝 #썸 #짝사랑 #커플 #이별 #재회 모두 (7카드, 7000자)"
36781,"💝사랑의크기: 그 사람 나 얼마나 좋아하나? 🌝❤️‍🔥 알고 싶다면 (6카드, 9999자) 그 사람이 생각하는 내 매력, 이미지, 방해물, 앞으로의 관계, 궁극적인 인연 등"
30686,천문철학으로 여행하는 나의 내면세계
26808,오늘 그 사람은 내 SNS를 염탐했을까?
26200,호감이성의 찐속마음과 앞으로의 관계흐름이 궁금하다면?
27013,"호감 가는 그 사람, 나를 향한 속마음은?"
26474,앞으로 만나게 될 당신의 새로운 인연
31805,그 사람은 앞으로 어떻게 행동할까?
29852,그 사람이 자꾸 나를 떠올리는 이유
22394,[CRM 히든] 일주 개운법
25832,상대와의 관계흐름이 궁금하다면?
32154,"🪸여름연애운 💙 여름 내 로맨스 어떻게 흘러갈까??날 좋아하는 사람, 그 사람과의 관계, 나에 대한 이미지 등 #짝사랑 #썸 #싱글 #재회 #커플 모두 포함(7카드 8000자)"
31139,"그 사람과 언제, 어떻게 관계 변화가 있을까?"
26216,이 사람에게 고백 받고 솔로탈출 가즈아~!!
26207,먼저 연락이 올까?
32981,사주로 보는 이직운 : 24년 갑진년 대비하기
30092,그 사람과 당신의 운명은 이렇게 될 거예요!
2380,일 잘하는 법
27154,멀어진 그 사람 나에게 미련이 있을까?
25992,지금 날 좋아하는 사람이 있을까?
40382,"💔❤️‍🩹❤️‍🔥이혼운: 그 사람과 이혼하게 될까, 다시 결혼생활을 이어갈 까? (4카드, 6000자) #이혼운 #이혼 #타로 #이혼타로"
29560,"그 사람, 나를 좋아할까?"
56713,2026년 솔로 탈출 보고서
34940,핵심진심운💜 그 사람의 진심은? 가벼운 마음일지 운명의 상대로 여길 지 알려드려요🌹(3카드 5000자) #싱글 #재회 #커플 #짝사랑 #썸 까지👩‍❤️‍💋‍👨
29686,그 사람과 너의 관계 흐름을 알려줄게!
38762,[깜짝 타임세일] 사주로 보는 내 결혼 상대는?
26577,곧 운명처럼 만나게 될 나의 찰떡인연은?
25448,상대방의 속마음!!!
39223,핵심이혼운⚖️ 현재의 배우자와 이혼하게 될 지 알려드려요!
26365,멀어진 그 사람...후회하고 있을까?
42457,"[히든스킬] 이별, 그 후… 너와 나의 속마음"
33635,"재회 속마음: 날 생각할까? 연락, 재회 가능성"
30478,그 사람과 당신은 어떻게 될지 알려줄게요!
54010,독이되는 관계: 7카드 스프레드
29917,"지금 이 순간, 그 사람의 속마음은 뭘까?"
26266,이 타로 후 이때 연락이 옵니다
39160,[24년 삼일절 연휴] 내 운명 지금 어디 있을까?
30742,"속마음, 말하지 못한 그 사람의 진심은 뭘까?"
25489,다음 연애 상대 파헤치기 대작전
26005,현재 내가 호감가는 사람과 연애할 수 있을까?
26259,썸남과 짝사랑하는 그 사람의 속마음이 궁금하다면? 자세하게 알려드릴게요
30810,그 사람이 나에게 하고 싶은 말은 뭘까?
27046,[미래] 할까? 말까? 달님의 예언 시나리오
32694,곧 다가올 나의 취업 대운은 ?💸💸#디오타로
30283,"💍결혼운: 그 사람과 결혼까지 갈 수 있을까?#솔로 #커플 #재회 #썸 #짝사랑 #지인까지 (7카드, 7000자)"
28433,"[5단계 다시, 연애] 다시 헤어지지 않는 방법"
26441,썸남의 욕정에 불을 지필 포인트와 속궁합 미리보기!
25789,그 사람 나에게 진심일까?
32261,그 사람의 숨겨진 진심 심층 분석
25981,미래에 다가올 행운
21141,(추천할인) 이상형과 만날 확률 계산기
32590,지금 날 좋아하는 두 사람은?
39357,"[사주(四柱)와타로] 다가올 인연의 이미지는?❤️🩷나는 도화살(桃花煞), 홍염살(紅艶煞)이 있을까?"
30643,자꾸만 헷갈리게 하는 그 사람의 속마음
25407,곧 당신께 새롭게 다가올 필연적 사랑은?
2171,직장 동료와 잘 지내는 법
31402,앞으로 그 사람은 너에게 이렇게 행동할 거야!
38961,상대방에게 다른 이성이 있을까요?💋❤️‍🩹#타로라포
33605,지금 그 사람이 나에게 느끼는 감정
26292,그 사람은 나를 그리워할까?
26499,멀어진 그 사람과 다시 만날 운명일까?
47539,[특별할인] 2025년 놓치면 안 될 3번의 기회
39424,[깜짝 타임세일] 인생 피는 필승 사주 : 내 인생 언제 필까? + 필승 개운법 일주 풀이
32136,그 사람 좋은 인연일까 나쁜 인연일까?
26279,걔는 나를 연애 상대로 볼까? | 유히로
28271,내 인생 총운을 알아봅시다
26250,그 사람의 속마음을 알려줄게!
27381,전 연인과 재회할 수 있을까?
26088,그 사람은 나를 어떻게 생각할까?
19556,2022년 2월 운세 보고서
32793,이성들이 끌려하는 {{이름}}의 사주 속 차밍포인트는?
24076,2023년 나에게 찾아올 12가지 행운 | 마리
26775,솔로 탈출할 수 있을까?
30247,그 사람과 너의 연애 운을 읽어줄게!
33632,멀어진 그 사람 속마음과 다시 만날 가능성은?
32029,"그 사람은 나에게 언제, 어떻게 다가올까?"
30314,그 사람과 너의 연애 흐름을 알려줄게!
18978,한정판 굿즈 구경하기
28863,"그 사람 속마음, 앞으로 우리 관계는?"
31870,현재 그 사람도 나를 좋아할까?
26095,그 사람과 다시 만나게 될까?
32495,"🥲이별운: 그 사람이 솔직하게 말하지 않은 우리가 헤어진 진짜 이유 🥲 , 재회하고 싶을까? 된다면 시기까지 (7카드,9700자)"
30051,반드시 성공하는 내 사랑 연애공략법
26401,밀당일까 아닐까? 속마음을 알려줘!
21668,[행운 룰렛] 2022년 하반기 운세 보고서
25748,그사람의 속마음& 행동력을 알아보자!
33681,그 사람과의 미래: 한 달 안에 생기는 일
28135,"올 해 안에, 내가 원하는 그 사람을 만날 수 있을까?"
25925,새로운 인연 미리 보기
28700,그 사람은 날 어떻게 보고 있을까?
32134,그 사람이 너에게 품은 감정을 말해줄게!
2407,내가 사장이 된다면?
21568,[목표 이벤트 전용] 2022년 하반기 운세 보고서
26280,먼저 연락 올 확률은? | 유히로
36496,너는 왜 망설이고 있니?
26470,이 사랑의 결말은?
32111,그 사람과 나의 관계 흐름은 어떻게 될까?
30943,앞으로 그 사람은 나에게 어떻게 행동할까?
26405,그 사람은 앞으로 이렇게 행동할 거야!
35725,[패키지] 플러팅 고수가 되는 방법
26447,간단 속마음운 : 30일 동안 그 사람의 속마음
28796,너를 향한 그 사람의 속마음을 말해줄게!
31443,나를 향한 그 사람의 진심은 뭘까?
27741,너를 향한 그 사람의 감정을 말해줄게!
25966,그 남자가 느낀 내 첫인상! #현재 속마음 #앞으로 보일 행동
29760,우리는 운명일까?
30000,그사람이 나에게 보내는 메세지 #속마음
28698,그 사람에게 너는 어떤 의미인지 읽어줄게!
30323,그 사람은 나를 얼마큼 좋아할까?
2239,유학·출장 가면 어떨까?
25891,자꾸 생각나는 그 사람의 속마음을 알고싶어!
39058,시험 면접 합격운!
25301,나는 그 사람과 연인이 될 가능성이 있을까?
25803,당신의 운명이 될 인연 & 앞으로의 사랑은?
22096,[궁합 쿠폰 전용] 그 사람과 나의 사주궁합
26141,"그사람, 나를 만날 생각이 있을까?"
29688,"그 사람과 나의 인연, 결혼인연일까? ❤️"
26130,"[애정, 연애] Yes or No💖"
55426,도화홍염관상_진짜가짜관상 패키지
26013,"너랑 나랑 썸일까?(속마음,연애조언)"
30446,그 사람은 나와 재회 할 마음이 있을까요??💜 #샐리타로
32161,다시 연락 올까? 재회에 대한 속마음
25538,지금 그 사람의 생각은?
35099,[깜짝 타임세일] 재회 사주: 그 사람과 다시 만날 운명일까?
32360,내 운명을 만나는 D-DAY는?
2365,내 도덕유형 진단
36220,"그사람의 속마음, 나에게원하는것, 미래, 운명의조언 🧧"
33639,"[총4000자] 지금, 그사람의 속마음은? 상대방이 원하는 것은? 나를 바라보게 하려면? 우리의 미래는?"
32796,"🍁가을연애운 : 내 곁을 지켜줄 따뜻한 인연👩‍❤️‍💋‍👨,그 사람과의 로맨스😍어떻게 흘러갈까??👀 #짝사랑 #썸 #싱글 #재회 #커플 모두 포함 (7카드/9200자)"
17608,가족과 화해하고 싶다면?
29719,한 달 간 나의 연애운에 들어와있는 사람
30001,그 사람과 나는 어떤 관계가 될까?
26403,나의 다음 연애 상대는 뉴페vs구페?
33353,그 사람이 나에게 품고 있는 생각과 감정은 뭘까?
28797,앞으로 그 사람과 어떻게 될까?
35235,재회확률 분석타로#그의진심
27212,컬러로 보는 그 사람의 속마음
33415,그 사람의 속마음과 앞으로 관계 방향은 어떻게 될까?
28902,지금 그 사람의 감정은 뭘까?
54701,추가 질문 1개_결혼 사주 즉문즉잡
43876,[페이백] 결혼 시뮬레이션 : 우리 2세 미리보기
25738,난 어떤 사람과 결혼할까?#결혼운
28432,그 사람도 나와 같은 마음일까?
28549,"지금 그 사람, 좋아하는 사람 있을까? ❤️"
32493,나를 향한 그 사람의 생각과 감정은 뭘까?
26654,반드시 만나게 될 나의 소울메이트
32194,그 사람의 솔직한 속마음을 알려줄게!
29721,2023년 하반기 연애운 심화편♡
33152,그 사람은 나에게 어떤 마음 변화가 있을까?
35285,"⛈이별 후, 넌 무슨 생각하니? 그사람의 이별 후 속마음."
21997,[행운의 사다리] 놓치면 후회할 인연의 외모와 특징
28762,[연락운] 📞그 사람 먼저 연락이 올까? 연락없는 진짜 이유는 뭘까?!
33219,그 사람에게 연락할까? 기다릴까?
30775,이 사람 진심일까요?
34046,그 사람과 3개월 뒤에 어떤 사이일까?
30942,"지금, 그 사람의 진짜 감정은 뭘까?"
29191,이 사람과 헤어지는 게 좋을까?
21146,(추천할인) 다음 달 우리 사이 어떨까?
27195,그 사람은 나를 어떤 이미지로 생각할까?
26329,그 사람이 너를 보는 이미지를 알려줄게!
26204,곧 사랑고백 할 사람
26138,타로최면으로 직접 만나보는 나의 미래배우자!
31933,그 사람을 붙잡을 방법은?#재회운
25471,"멀어진 우리, 너의 속마음은 어때?"
27119,"궁합, 그사람은 나의 인연일까?"
30878,그 사람이 나에게 느끼는 속마음
32980,"☠️악연구별법: 서로 상처를 주고 받는 그 사람과 나, 악연일까? 👿 알려드려요! 💘찰떡궁합으로 만드는 솔루션까지💉(7카드, 8000자)#짝사랑 #썸 #이별 #재회운 #커플"
26227,딱 한 장으로 알아보는 그 사람의 마음💝
38370,"핵심관계운💖 그 사람과 앞으로 이렇게 될 운명이에요..🥰 앞으로의 관계, 사귈 수 있을까? 없을까? 재회할까? 이대로 끝일까? (1카드 1500자)"
28901,현재 나에게 연락할까 말까 고민중인 사람이 있어요 ❤️
40315,나를 차단한 그사람의 진짜 속마음은?(4000자~)
25841,"커리어 양자택일, 둘 중에 뭐가 좋을까?"
30709,돌싱 사주: 이 사람과 재혼해도 될까?
33385,[연애운]나에게 다가올 새로운 인연👩‍❤‍👨
34141,숨겨진 진심 + 2025년 어떤 사이?
33449,[재회타로]내게 펼쳐질 그사람과 나의 미래🌈✨
2370,번아웃 증후군 진단
26123,한 달간 나의 횡재수는? #금전운
26117,지금 나를 좋아하는 사람은 누굴까?
26947,그 사람의 현재 속마음을 단 한장으로 알아보자
28816,그 사람은 나를 얼마나 생각할까?
31733,그 사람은 나와 어떻게 하고 싶은 걸까?
30811,앞으로 그 사람은 어떤 마음 변화가 있을까?
29225,그 사람은 지금 무슨 생각 중일까
29558,그사람의 속마음
34867,오늘 치게 될 시험의 운과 합격운은?
32956,앞으로 그 사람과 어떻게 될지 말해줄게!
27574,전연인 재회에 대한 모든 것
31207,나를 향한 그 사람의 숨겨진 속마음
31150,그 사람의 속마음과 앞으로 보일 행동
27541,나를 향한 그 사람의 마음은 뭘까?
26368,나를 생각하는 사람 (10카드)
37772,"[6개카드] 그사람의 비밀, 속마음⭐🌕🌛✉️"
34600,그 사람이 보는 나의 MBTI는?
25831,나와 만날 사람
2347,반려동물과 내 궁합
32260,너에 대한 그 사람의 생각을 읽어줄게!
25985,[이별] 나는 너한테 좋은 연인이었을까..?
26061,나는 왜 짧은 연애만 할까?
32458,그 사람이 너에게 진심으로 하고 싶은 말이 있대!
32924,그 사람이 너에게 보여 줄 행동 흐름을 알려줄게!
32527,그 사람과 나는 언제쯤 다시 만날 수 있을까?
30251,그 사람이 나에게 느끼는 감정은 뭘까?
30698,그 사람이 너에게 느끼는 호감도를 읽어줄게!
26221,🦋 그 사람도 날 좋아할까? 🦋
32790,그 사람은 지금까지 나에게 어떤 마음일까?
35398,너는 언제쯤 나에게 연락을 할까? [총4000자]
33364,"🙏행동운: 그 사람이 다가올까?내가 먼저 다가가면 어떨까 결정해드려요💝그래서 인연의 끝인지 아닌지, 관계의 결말까지! 🌝(7카드, 9000자) #재회 #썸 #짝사랑#커플 모두"
42358,"결혼운+임신운👰‍♀️👼: 결혼 상대와 결혼 이후의 만족도, 아이운 까지 궁금하다면 ! 7카드, 9999자/내 미래를 미리 알고 가요"
27711,그 사람은 나에게 어떤 감정인 걸까?
33020,그 사람은 나에게 어떻게 하고 싶은 걸까?
34779,그 사람과 너의 운명을 자세히 알려줄게!
28550,"헤어진 사람, 미련지수 ❤️ ___% ❤️"
36032,"🌸현재 이순간,상대방의 속마음은?🌸#타로라포"
31802,그 사람이 너에게 느끼는 감정 변화를 알려줄게!
33458,연락 먼저 올까? 재회에 대한 속마음
39161,[24년 삼일절 연휴] D-DAY 타로: 솔로 탈출까지 며칠 남았을까?
32463,사주팔자 : 크리스마스에 만나고 있을 운명의 짝
34868,[재회운] 너와 내가 재회할 가능성🌙
30087,그 사람이 너에게 진짜 하고 싶은 말
28895,"그 사람 나한테 무슨 생각일까? (feat. 연애, 썸)"
19526,2022년의 커리어 + 인간관계 어떨까? (하바별타 할인전용)
26881,그 사람은 나를 어떻게 생각할까?
30016,싸우고 난 후 연락이 없는데 연락이 올까?
34076,[재회운] 그대도 나와의 재회를 원하나요?🌙
33243,[속마음] 지금 그 사람도 나를 좋아할까?
35890,놓치면 안 될 3번의 기회: 50세 중년 이후
25893,새로운 인연을 기다리고 있나요?
30091,앞으로 그 사람은 나에게 어떤 행동을 할까?
30842,🌸그사람이 내게 정말 하고싶은 말은...?🌸 #타로라포
34544,[연락운] 그 사람의 속마음과 언제 연락이 올까?
26175,상대와의 재회운이 궁금하다면?
56647,2026년 커플 관계 보고서
28372,"나의 다음 연애는 언제, 어디서, 어떻게, 누구와 시작될까?"
28538,그 사람과의 연락운
32755,"그 사람과 나의 관계는 언제, 어떤 변화가 있을까?"
28829,"💜 심화솔로운 : 운명의 짝, 언제 다가올까, 이미 내곁에 있을까? 조언까지 (5000자, 7카드)"
32658,앞으로 그 사람과 나는 어떻게 될까?
36446,"솔로) 그 사람이 본 내 첫 인상, 이미지"
26031,그 사람은 나에게 호감 있나요?
27244,나만의속사정💋성적매력분석
27094,그 사람과 다시 만날 수 있을까? [재회운]
28180,좋아하는 그 사람의 속마음은? | 그대들의 센세
25755,분기마다 보는 {{이름}}님의 사업(재물) 성장세 타로리딩
32657,나에 대한 그 사람의 솔직한 감정은 뭘까?
29455,이 사람이 현재 나를 염탐하고 있어요 ❤️
25644,그 사람과 나의 재회운은?
31732,그 사람은 너에게 이 말을 하고 싶대!
52754,[특별혜택] 2025년 하반기 운세 보고서
2452,관계중독 진단
31404,그 사람과 나의 관계는 어떻게 될까?
33599,재회 속마음 + 앞으로의 행동은?
27811,"먼저 연락하면, 재회할 수 있을까? ❤️"
26169,"그사람 속마음, 나를 어떻게 생각해?"
33640,이직운에 이어질 직장생활은?
29725,당신의 소원이 이루어지는 정확한 시기
35220,손금으로 보는 우리 궁합
28366,그 사람이 당신을 어떻게 생각하는지 알려줄게요!
19128,사주로 보는 강점과 적성 (프로토)
25070,2023 신년운세 보고서
26590,내 생에 만나게 될 운명의 소울메이트
33019,그 사람과 너의 운명을 알려줄게!
26228,{{이름}}님에게 나타날 새로운 사랑 💛
29324,그 사람이 당신에게 전하고 싶은 속마음!
26215,그 사람의 감정을 알려줄게!
26164,그 사람은 나에게 호감이 있을까?
26657,나에게 곧 찾아올 새로운 인연은?
33321,그 사람과 나의 관계는 어떻게 될까?
32955,너를 향한 그 사람의 진심을 읽어줄게!
25726,그 사람과의 인연이 어떨까?
28904,나의 앞으로 금전운
29224,나의 진짜 인연은 도대체 누구일까?
30843,🌸그사람은 내게 다시 돌아올까?🌸#타로라포
26272,내 운명 지금 어디 있을까? | 유히로
28699,그 사람은 너에게 이렇게 행동할 거야!
25405,나에게 나타날 백마탄 왕자님은 어떤 사람일까..?
26245,(추천할인) 1년 뒤 그 사람과 무슨 사이일까?
25529,부모자녀는 처음이라서 🥲 : 올인원 심리검사&성격궁합
29521,🤍 나를 좋아하는 사람은 누구? 🤍
32497,[속마음] 그 사람이 {{이름}}님을 잊지 못하는 이유와 속마음
25135,(추천할인) 사주로 보는 투자 전략과 포트폴리오
31868,앞으로 그 사람과 어떻게 될지 전해줄게!
31811,썸붕을 되돌리는 재회 타로
26255,요즘 나를 몰래 좋아하고 있는 사람은?!
28798,"사랑하는 그 사람, 내 맘 같지 않을 때"
34063,그 사람의 구체적인 감정과 행동은 어떨까?
31106,"지금 이순간, 그 사람은 나에게 호감을 느낄까?"
30481,💔헤어진 그 사람과 재회 할 수 있을까? 재회운❤#디오타로
32656,"👩‍❤️‍👨최고의인연: 그 사람이 내 최고의 인연일까?💘 더 좋은 사람이 없을까?(7카드, 1만자) #썸 #재회 #인연 #짝사랑 #전여친 #전남친 모두 가능 😃"
36664,👩‍❤️‍💋‍👩 X와의 재회운 연락운 속마음 다 알려줄게  👩‍❤️‍💋‍👩
26595,나의 타고난 결혼운💐
29325,그 사람과 미래에 연인이 되어 있을까?
25837,앞으로 우리의 사랑이야기는 어떻게 흘러 갈까?
32957,짝사랑의 속마음...내가 너였다면 그냥 날 사랑했을꺼야.._#수월화타로
31804,"썸타는 그 사람의 속마음, 우린 사귀게 될까?"
26452,"헤어진 연인의 속마음, 우리 재회 가능할까?"
31208,앞으로 그 사람은 이렇게 마음을 전해올 거예요!
26105,앞으로 3개월 동안 그 사람과의 관계의 흐름은?
32722,"그 사람과 언제, 어떻게 연락이 될까?"
31765,"💙한달연애운 : 당신의 연애는 이렇게 됩니다..(5카드, 5500자) #속마음 #썸 #짝사랑 #재회 #시기 #고백운 #연락운 모두"
25989,"그사람과 나, 잘될 수 있을까?"
26014,멀어진 그 사람...연락이 올까요?
32155,앞으로 3개월간의 새로운 연애운
2222,ADHD 진단
30003,그 사람이 당신에게 전하고 싶은 감정을 알려줄게요!
29556,나에게 다가올 운명의 연인은?💖💖 #사랑
30582,그 사람과 나의 연애운은 어떻게 될까?
33587,속마음 몰카타로📸#행동예측
41071,(추천할인) [학부모 필독 사주] 내 아이의 재능과 운명
998,공황장애 진단
36253,날 대하는 그사람의 속마음의 변화는 있을까?🍁🎄#수월화타로
21147,(추천할인) 우리 사랑 깊어지려면?
26206,그 사람은 나를 생각하고 있을까?
19690,먼저 연락올 확률_추천 할인
31837,그 사람과 언제 관계 변화가 있는지 알려줄게요!
30285,그 사람의 현재 마음상태는 어떨까?
30880,지금 날 잊지 못하는 사람
19306,2022년 월별 운세 (스킬연결용)
27325,너를 좋아하는 그 사람의 감정을 알려줄게!
26439,나에게 직진할 사람은 누구일까? 언제 직진할까?
32370,"그 사람은 너에게 이때, 이렇게 행동할 거야!"
25478,나를 어떻게 생각하는지 상대방의 진짜 속마음이 궁금하다면?
26260,그 사람과의 속궁합은 어느 정도 잘 맞을까?
31932,🌸상대방 찐 속마음 🌸#타로라포
29555,[재회운] 우리 다시 사랑할 수 있을까?!
33580,그 사람이 나에게 느끼는 솔직한 속마음은 뭘까?
19107,私の運命の相手
26800,솔로탈출 할 수있을까? 정확히 알려드릴게요
27248,[결혼] 미리보는 나의 행복한 결혼 생활💕
26253,3개월 금전운 + 금전운 높이기
26765,"솔로운2 : 다음 연인, 언제 어디서 어떻게 만나게 될까"
37874,[판밍밍 추천] 3개월 안에 만나게 될 소개팅 상대는?
26232,"오랫동안 애매한 우리 사이, 결국 어떻게 될까?"
38828,(업셀링) 2024년 갑진년 신년운세 [통합편]
32461,"[총4000자] 내가 다가간다면, 고백한다면, 우리는 어떻게 될까? 🧧 점성술과 타로카드로 미래를 열어봅니다. #고백 #속마음 #미래 #운명"
30577,상대방은 도대체 어떤 사람일까?
27412,헤어진 그 사람에게서 연락이 올까?
29092,"멀어진 그 사람 속마음, 나를 그리워할까?"
25479,그사람 속마음
19258,[할로윈 프로모션] 2022년 신년운세 보고서
34804,그 사람은 날 그리워하고 있을까/ 왜 그리워할까
44834,"그 사람, 지금 다른 사람이 있을까?"
33272,(추천할인) 사주 살풀이: 타고난 살과 2024년의 살
29559,그 사람과 나는 운명일까?
42359,"간단 속마음운: 지금 그 사람의 나에 대한 마음, 사랑일까? 관심일까? 무관심일까? 궁금하다면 확실히 알려드려요"
26294,"그 사람, 연락이 올까"
31270,그 사람은 너에게 이 감정을 품고 있어!
30149,그 사람은 나를 좋아하고 있을까?
28767,3개월 내로 솔로탈출 가능 한지 봐주께~
36814,[깜짝 타임세일] 인생 역전의 비밀: 내 사주에 주목할 운명은?
28179,"다음 연애 언제, 어디서 시작될까? | 그대들의 센세"
26642,새로운 인연 어떤 사람일까?
30032,그 사람은 내 생각 얼만큼 할까?
35923,"매력운🧚 ✨당신만 모르는 이성들이 환장하는 나의 매력, 과연 뭘까? 앞으로의 연애운도😃(4카드 6800자) #솔로 #썸 #커플 #짝사랑 #이별 모두"
26296,"그 사람, 내 것으로 만드는 방법❤️‍🔥"
34345,2024년 연애운 총정리
26364,상대방이 나를 만나는 이유
43846,[깜짝할인] 내 운명 지금 어디 있을까?
30017,"나의 운명의 전환점은 언제, 어떻게 올까?🌕🌙🌓🌖⭐ #카르마"
25800,다섯 장으로 훔쳐보는 그 사람의 속마음!
32558,[프로모션] 그 사람과 내가 결혼할 확률은?
21174,(추천할인) 헤어진 사람 언제 잊을 수 있을까?
32695,{{이름}}의 사주로 본 인연은 몇월생일까?
31109,그 사람 내게 원하는게 뭘까?
30879,그 사람은 얼마큼 나를 좋아할까?
37288,"핵심 💘 연락 시기: 그 사람 언제 연락올까?😍 연락시기와 연락할 때의 마음까지 알려드려요 (1카드, 1200자)"
34538,연락 언제 올까? + 재회 가능성 풀이
25779,우리 두 사람 재회 할 수 있을까?
21669,[행운 룰렛] 2022년 하반기 솔로탈출시기
38238,일주 궁합 관계도 4인 패키지
56581,{{이름}}님 관상에 보이는 결혼수: 상대 & 시기_패키지
28385,"3개월 안에, 연애운이 들어올까? ❤️"
32888,❤️그사람 날 연애상대로 어떻게 생각할까?🔮
36256,"오늘🤗재회운❤️: 운명에 새겨진 오늘 그 사람과의 재회운 😍연락올까 재회될까❤️‍🔥? #솔로 #썸 #커플 #짝사랑 #이별 모두 (1카드, 1500자, 45하트)"
26351,이성이 느끼는 나의 치명적인 매력은?
30287,200% 인생반전 타고난 능력 높이는 방법
28976,곧 시작 될 나의 대운은?#개운법
36716,이 사람과는 무조건 사귀게 될 것이댱!
2295,부모님이랑 왜 부딪칠까
25404,다음 연애의 모든 것#새인연
34713,"[총4000자] 주변사람들이 보는 나의 이미지와 매력 그리고 나에대한 속마음... 그들이 나에게 해주고 싶은말, 카드의 운명적인 메시지..."
32975,그 사람은 내 생각을 얼마나 할까?
33267,경력이직 최적의 타이밍
28373,"재회, 우리 다시 만날 수 있을까"
36223,"그 사람, 날 좋아할까?#커플성공확률"
27410,그 사람과 더 가까워질 수 있을까? (10카드)
35369,🤔도대체 그 사람은 나에게 어떤 맘일까?
28763,"올해 여름, 이 사람이 나에게 고백한대요 ❤️"
33594,그 사람의 숨겨진 진실과 진짜 속마음
26320,이 사람은 나와 결혼하고 싶어할까?
30187,그 사람과 나는 어떻게 될까?
30284,내 사랑이 이루어지는 시기⏳
26151,그 사람은 날 어떻게 생각할까?
33491,그 사람과 나의 연애 흐름은 어떻게 될까?
31204,지금 날 좋아하는 사람 누굴까?
34281,연락 왜 없을까 + 재회하면 어떨까?
29758,그 사람이 너에게 전하고 싶은 말
28540,"나에게 들어올, 6월 연애운 ❤️"
19074,気になるあの人の本音が知りたい！
35873,"크리스마스🎄연애운: 내 곁에 있어줄 사람은 내가 생각하는 그 사람? 새로운 사람? 어떤 사람일 지 알려드려요 (5카드,7500자) #커플 #썸 #짝사랑 #재회 모두 가능"
35283,곧 나에게 앞뒤없이 직진할 사람
26240,"(추천할인) 내 사주로 월 1,000만 원 버는 부업은?"
29194,사주로 풀이하는 연애운
26183,그 사람은 나를 어떤 사람으로 생각할까?
56746,"연말로맨스: 올해가 지나기전 만날 내 인연?(4카드, 7800자)
 #연말연애운 #겨울연애운 #새로운연애 #재회 #썸붕 #짝사랑"
26459,그 사람 다시 만나도 괜찮을까요?
26249,나의 결혼상대자
25851,지금 생각하는 그 사람의 진짜 속마음은?
30031,그 사람도 나와 같은 감정일까?
33383,{{이름}}의 사주 속 미래 배우자 직업은?
33384,새로운 연인이 생겼을까? 그사람과 안 헤어질까? 나와의 관계는 어떻게 될까?💌 #속마음
32791,그 사람도 나를 좋아하고 있을까?
25495,"그사람과 나, 인간관계 궁합이 궁금해!"
25596,이성에게 어필되는 나의 특별한 매력✨
27216,1달 연애운 : 이번 달 만나게 될 내 운명은?
26115,[내일의 운세] 매일 보는 내일의 운세
2415,2020년 솔로탈출 시기
36484,"오늘🤗연락운❤️: 궁금한 그 사람 😍❤️‍🔥 오늘 연락올까? 어떤 마음으로 올까? #솔로 #썸 #커플 #짝사랑 #이별 모두 (1카드, 2600자, 40하트)"
32135,당신이 궁금했던 그 사람의 속마음
34333,🌃이 밤 그 사람한테서 편지가 왔습니다.🌃✉️🎀#샐리타로
37012,[깜짝 타임세일] 사주로 보는 미래: 나는 언제 출세할까?
34693,"짝사랑 조언: 속마음, 관계, 미래 흐름"
33223,"지금, 당신에게 관심을 보이고 있는 그 사람은? #연인"
55129,연애 끊이지 않는 관상: 도화&홍염
32114,즉문즉답🔮YES or NO
31473,특히 ㅇㅇ할 때 {{이름}}님이 너무너무 보고 싶대요💕
33623,그 사람과 나에게 어떤 운명이 기다릴까?
33630,11카드: 재회 원할까 + 앞으로 할 행동
26555,드라마처럼 운명의 상대를 직감하는 순간
27449,주변 사람들이 보는 나 + 주변 이성들이 보는 나
35100,[깜짝 타임세일] 2024년 신년운세 보고서
29323,"그 사람, 나에게 어떤 감정일까?"
26132,그 사람은 나를 어떤 이미지로 볼까?
43852,[페이백] [1~5단계] 재회 코칭 프리패스
30550,내 운명의 짝은 누구?#결혼운
25980,"그 사람과 나, 다시 만날 수 있을까?"
25442,지금 내게 꼭 필요한 말은?
36221,평행선(짝사랑)📏📏#디오타로
32524,전xx..아직 내 생각 할까?
34398,하반기 솔로 연애운
33355,"지금, 너도 내가 보고 싶을까?"
26156,그 사람과 나는 어떻게 될까?
26230,너랑 결혼하면 어떨까?#궁합
28765,난 결국 어떤 사람과 결혼하게 될까?!
23092,사주팔자로 알아보는 나의 인생
44041,[특별 페이백] 2024년 하반기 운세 보고서
21338,(트랙킹용) 2022년 하반기 운세 보고서 부적 5개
25855,그 사람과 오래 갈 수 있을까?
36158,"그 사람, 날 좋아하게 될까?"
37989,[깜짝 타임세일] 내 운명의 상대
38962,핵심뉴💘연애운: 새로운 연애 언제 어디서 어떻게 나타날 지! 알려드려요 #새로운연애 #솔로 #싱글 #연애운
22922,90초만에 감정 롤러코스터에서 벗어나는 방법
2218,나에게 잘 맞는 알바는?
29620,그 사람은 나에게 어떤 마음일까?
26358,간단 연락운 : 30일 내로 그 사람의 연락이 올까?
33218,"궁합, 잘 맞을까?"
34601,재회 속마음 + 곧 보일 결정적 행동
30324,나는 그 사람에게 어떤 의미일까?
26356,이 직장 계속 다녀도 될까?
29163,즉문즉답⏰연락운편
30710,[재회운] 너와 내가 다시 만날 수 있을까?
30086,그 사람은 나에게 어느 정도 호감이 있을까?
25775,그사람 재회운
25465,지피지기 백전백승 그사람공략법! 💯
36440,그 사람과 나의 궁합(겉궁합/속궁합) 🤴🏻👸🏻#타로라포
30876,💗그 사람의 마음 속 진심을 알려드릴께요. #데아타로
25693,나의 운명은 언제 나타날까? 새로운 인연운
31867,그 사람의 (진짜) 진심은 무엇일까요?❓❗#샐리타로
31470,그 사람과 언제 다시 만날 수 있을까?
16435,지금 날 좋아하는 사람은+연애운 높이는 법
28864,그 사람도 내가 보고싶을까?
26142,그사람은 나를 그리워 할까? 다시 만날 수 있을까?
36147,"그 사람은 ""연애상대📍""일까? ""결혼상대💍"" 일까? #수월화타로"
11275,가족과 잘 지내는 법
33232,앞으로 너에 대한 그 사람의 감정 변화를 알려줄게!
26377,그 사람 진단서 ✍️📄
26002,곧 내맘을 뜨겁게 안아줄 새로운 인연은?
36522,현재 썸을 타는 당신의 미래를 알려드려요.💋💍#팩트폭력
18792,2021 태양궁/상승궁 신년운세 + 올해의 카드
32099,"바로 지금, 그 사람은 나에게 호감을 느낄까?"
31607,"그 사람은 내 생각 언제, 얼마큼 할까?"
25826,짝사랑 상대가 날 어떻게 생각할까? 그 사람의 진짜 속마음은?
29026,2023년 하반기 연애운♡
33621,그 사람은 나와 어떻게 하고 싶을까?
39388,"시험, 합격 발표 좋을까? 빨리 나올까?"
25074,(추천 할인)내 아이의 타고난 결혼운: 어떤 사람을 데려올까?
28384,"그 사람, 요즘도 내 생각할까? ❤️"
25957,간단 썸 연애운 : 30일 내로 썸이 연애로 이어질까?#썸 #연애 #연애운
33151,"그 사람은 나에게 언제, 어떤 모습으로 다가올까?"
39158,"[24년 삼일절 연휴] 내 사주로 월 1,000만 원 버는 부업은?"
39327,(업셀링_결혼OX궁합) 내 운명 지금 어디 있을까?
33593,[짝사랑] 나를 몰래 지켜보는 사람..! 누굴까?
19259,[할로윈 프로모션] 살풀이: 타고난 살과 2022년의 살
32973,그 사람에게 당신은 어떤 의미인지 알려줄게요!
31810,헤어진 그사람 다시 만날 수 있을까?
26017,기다리는 연락이 올까?
25997,나의 새로운 연애 상대는 누구일까? 어디서 만날 수 있을까?
29884,🍏 이직운 궁금해! 🍏
36438,"다시, 사랑하게 될까요? #재회운"
42391,너는 왜 그랬을까? 숨은 의미
35012,넌 언제쯤 나에게 연락할거니?(재회운) 📞✉️📧#타로샐리
38237,일주 궁합 관계도 3인 패키지
35219,[재회운] 다시 만나야만 합니다🙏왜 나에게 헤어지자고 말했나요? 나에 대한 미련은 없나요?
32966,{{이름}}에게 맞는 사주속 연애 시기는?
33283,🍀내 고민 어떻게 해결될까?✨
33633,나를 향한 그 사람의 감정과 앞으로 행동은 어떨까?
29199,걔도 지금 나 보고 싶을까? | 그대들의 센세
33054,[재회운] 우리 다시 만날 수 있을까?🥂
32756,그 사람이 나에게 보여주지 않은 속마음은 뭘까?
32660,[결혼운]나의 미래배우자는 과연 어떤 사람일까?!
26464,나의 대인관계는 어떻게 흘러갈까?
26353,내가 좋아하는 그 사람의 속마음을 알 수 있을까?
29918,그 사람은 나에게 어떤 행동변화가 있을까?
26815,그 사람과의 운명은 어디로 향하게 될까?
26334,"지금 이 순간, 나에 대한 속마음"
29689,"이번에 재회한다면, 잘 만날 수 있을까? ❤️"
34142,10카드: 연락 언제 올까? + 재회 속마음
34319,그 사람 진짜 속마음과 앞으로의 행동
39786,[기간세일] 2024년 갑진년 신년운세 [통합편]
28541,그 사람의 나에 대한.. 미련지수는? ❤️
39883,"그사람의 머릿속, 나에 대한 생각들은? 🩷💚"
31636,❤️언제쯤 애인이 생길까요?🔥🔥 #연애시기 #썸 #데아타로
30548,그 사람의 숨겨진 감정은 뭘까?
33622,그 사람은 나에게 어떤 행동을 할까?
43877,[특별페이백] 사주로 보는 결혼 : 그 사람의 본심 👤
27874,나에게 다가올 새로운 연인의 모습은? [솔로 연애운]
33624,"지금, 그 사람은 나에게 호감이 있을까?"
26295,간단 싱글운: 30일 내로 연인이 생길까?
32030,"지금, 그 사람도 나와 같은 마음일까?"
33451,너가 궁금했던 그 사람의 속마음은 이거야!
32132,그 사람은 재회 할 마음이 있을까요??🧡🙏#셀리타로
26155,곧 다가올 {{이름}}님의 새로운 인연은?
41104,"(추천할인) 내 운명의 연애, 몇 번 남았을까?"
33225,재회운🌙우리 다시 사랑할 수 있을까?
33613,"날 좋아하는 사람 + 솔탈 언제, 누구와?"
26001,당신의 새로운 인연을 소개해 드릴게요
34064,그 사람과 앞으로 어떻게 될까?
2164,2021년 신년운세
26149,[재회운] 우리 다시 만날 수 있을까?
33526,🌸이순간 상대방은 어떤 생각을 할까?(3000자~)🌸#타로라포
35867,지금 나를 몰래 생각하는 그사람은 누구? [총4000자]
26270,이성이 느끼는 나만의 독보적인 매력은?
26026,몰래 내 SNS를 염탐하는 사람은 누구?
26281,선택 타로: 이 사람 계속 만나도 될까? | 유히로
34348,❤️솔탈! 누구와 어떤 연애를 하게될까?😘
32526,그 사람도 나와 같은 감정을 느낄까?
22098,[궁합 쿠폰 전용] 그 사람과 나의 결혼궁합
33631,너만 모르는 그 사람의 진심
18301,{{이름}}[[이의/의]] 9월 종합운
32195,그 사람에게 나는 어떤 의미일까?
34937,"16카드: 속마음과 곧 보일 행동, 두 사람 미래는?"
33519,"그 사람, 왜 연락 안 할까?"
31803,💰🛕나에게 곧 다가올 대박 금전운은? #아이비스타로#금전운
30154,그 사람의 진심 -이별 편-
27970,지금 생각나는 그 사람의 진짜 속마음을 알고싶어!
26337,전 연인 붙잡으면 돌아올까?
37016,당신에게 숨긴 그 남자의 속마음🍷🍺#팩트폭력
30679,[얼리버드] 그 운명의 러브 판타지
20315,(추천할인) 그 사람과 나의 연애 궁합 어떨까?
26297,재회에 대한 상대방의 속마음이 궁금해!! #재회운
31930,대박운이 다가옵니다. 꼭 확인하세요!!🧧💸❤️
19041,次の恋、いつどこでどんな風に始まる？
17344,성격궁합 보고서
30907,요즘 날 몰래 좋아하고 있는 사람이 있을까?!
29756,"그 사람, 먼저 연락 해올까?"
42424,내가 짝사랑🩷하는 그 사람의 속마음과 미래는?
33123,썸타고 있는 그 사람의 속마음과 앞으로의 관계 흐름💖
36098,그 사람과 나의 궁합은?
39328,(업셀링_결혼OX궁합) 도화살 결혼운: 나는 결혼하면 잘 살까?
37342,"총15장!! 2024년 1~12월별운세, 액운, 대운, 연애운까지!! [총15,000자] 갑진년, 청룡의 해 새해운세 이거 하나면 됩니다."
26190,지금 이 순간 너의 진짜 속마음 꿰뚫기⚡️
2341,이번 여행운은 어때?
27378,결혼 OX 궁합: 이 사람과 결혼해도 될까?_결제
33614,속마음 3가지 + 1년뒤 관계는?
34710,[총4000자] 이미 점지되어진 운명적인 인연의 성향과 두사람의 이야기 🙏
32393,[재회운] 그대와 다시 시작할 수 있을까?
25661,내가 좋아하는 상대가 나를 원하게 하는 방법
26468,우리는 어떤 인연일까?
39322,[깜짝 타임세일] 그 사람과 나의 결혼 궁합 + 속 궁합
28139,지금 날 진정 좋아하고 있는 사람이 있을까?
25787,궁금한 그 사람의 속마음은?
25174,그 사람 지금 내 생각 하고 있을까?
31271,지금 그 사람도 내가 보고 싶을까?
32928,{{이름}}님의 마음을 흔드는 그 사람의 속마음🌙
32364,"😍내가 좋은 이유: 그 사람이 날 좋아하는 이유- 긍정적인 면, 부정적인 면👩‍❤️‍👨앞으로의 관계운까지 #커플 #짝사랑 #썸 #이별 #재회까지 (7카드, 8500자)"
33493,[속마음] 알다가도 모를 그 사람...현재 무슨 생각을 하고 있는걸까?😞😞 #샐리타로
38470,그 사람 먼저 연락을 해 올까?
35708,🌸나에게 다가올 연락운과 재회운은?🌸#타로라포
19363,2022년 신년운세 보고서(LITE 인트로 전환)
27117,"지금 이 순간, 당신을 좋아하고 있는 사람❗"
34312,"그대의 운명, 그사람의 운명, 우리 둘의 운명은?"
43086,[히든스킬] 2024년 하반기 운세 보고서
34702,재회운: 그 사람도 내 생각 할까?
33625,앞으로 그 사람과 나의 연애운은 어떨까?
46681,"💘연애시기운🐈 : 운명의 인연 언제 들어올까?솔로 탈출하는 날짜! 1카드, 3000자 / 명확하게 내 연애가 시작될 그 시기만 똑부러지게 알려드려요 😸💜"
33620,"계속 좋아하면 어떻게 될지, 짝사랑 조언"
31806,💔❤그사람 다시 만날수 있을까요?(재회운) #데아타로
29202,다가올 인연의 외모·성격·직업은? | 그대들의 센세
31908,[재회운] 우리 다시 시작할 수 있을까?
26363,지금 그 사람 어떻게 지내고 있을까?
31609,나에 대한 너의 솔직한 감정을 알고싶어
38142,"[깜짝 타임세일] 다음 연애 언제, 어디서 시작될까?"
25856,나의 새로운 사랑은 언제 싹틀까?
35627,지금 그 사람의 속마음
34439,미운 그사람의 속마음... 나에게 돌아오게 하려면? 그리고 그사람은 연인이 있을까요? 우리는 어떻게 될까요?
32460,💖이성들이 끌려하는 나의 매력은?
31800,🌹그사람에게 내마음을 고백해도 될까요? #짝사랑 #디오타로
25973,새로운 인연 만날 수 있을까?
26056,먼저 다가갈까? 기다릴까...?
22228,[CRM 히든] 오행五行으로 보는 성격 특징
31140,🌸결국 나를 사랑하게 될 그사람 🌸 #속마음
31072,타인이 보는 나의 이미지는?
29919,그 사람은 나와 함께 사랑할 계획을 갖고 있을까?
35894,우리가 다시 만날 수 있을까?
34776,🤞내게 반드시 다가올 행운!🍀
30676,[얼리버드] 내 운명의 숨겨진 방향성
24637,나는 부자가 될 가능성을 가지고 있을까?
43645,"그 두 사람, 언제 헤어질까? 누가 더 좋아할까?"
36420,[깜짝 타임세일B] 내 사주 속 최고의 겉궁합 VS 속궁합 상대는?
26326,올해 연애운이 어떨까?
39355,그 사람과 나의 인연은 어디까지일까?(3700자이상)❤️🤔 #타로라포
33184,연상?연하?내 운명의 상대는?
33220,그 사람이 숨겨왔던 속마음을 얘기해 줄게요!
28269,나에게도 연인이 생길까?
28865,너의 속마음을 알고 싶어❕
19174,2학기 성적 어떻게 될까?
22459,[CRM 히든] 3개월 안에 애인
31807,"[직장운] 지금 다니는 직장, 일을 계속 해야할까?"
39334,(업셀링_인생역전) 타고난 부: 내 사주로 평생 모을 재산은?
28270,그 사람은 날 어떻게 생각하고 있을까?
26065,그 사람의 진짜 속마음
38563,[속마음&재회] 카톡켜고 고민하는 그사람의 진심
32294,[인연운] 나를 곧 좋아하게 될 사람❗
34700,"😍beloved: 나를 아낌없이 사랑해주는 이 있을까?🍒그 사람일까? 누구이고 어떤 사람일까? 나에 대한 이미지, 감정, 앞으로의 관계운,시기 조언까지 (6카드 8300자)"
30808,2025 하반기 솔로 연애운
19525,"2022년의 인연, 언제 어떻게 찾아올까? (하바별타 할인전용)"
34393,"이별, 만남 그리고 재회 속마음"
42230,"간단 이직운 🗂️ 한 달 내로 이직할 수 있을까? 이직 가능여부와 된다면 만족도는 어떤 지까지!(1카드,3400자)"
33634,그 사람과 이때 관계 변화가 있을거예요!
26339,내게 퐁당 빠진 이성은?
39916,"구페 vs 뉴페 💚 재회 vs 새로운 인연 🩷 어떻게, 언제? 다가올까?"
36665,재회의 마음이 있을까?
32999,요즘 {{이름}}님을 몰래 좋아하고 있는 사람🌙
34692,그 사람 4가지 진심 + 곧 보일 행동은?
29198,이별 실감: 우리가 헤어진 진짜 이유 | 그대들의 센세
39592,[깜짝 타임세일] 솔로탈출 패키지: 솔탈확률 + 3개월 연애운
26369,"[챠미타로] 그 일(연애, 직장, 학업)의 결과는 어떻게 될까?"
36140,3개월 내에 찾아올 나의 인연은? [총4000자]
26367,나의 재물운은 언제가 가장 전성기일까? 💰
31039,알고 싶은 그사람 속마음_ 나에게 바라는 것
36631,[본 스킬] 3개 구매자 추가 할인
32992,23년 하반기에 일어날 수 있는 일
36663,나 이직해도 괜찮을까?
28181,걔는 나를 연애 상대로 볼까? | 그대들의 센세
32157,자꾸 생각나는 그 사람의 속마음🌙
26400,내 SNS 염탐할까?
28598,나의 하반기 운세는?
26366,그 사람이 연락이 없는 진짜 이유
23850,감정 카드: 색으로 보는 오늘 내 기분은?
39785,[기간세일] 2024년 신년운세 보고서
49981,[히든 할인] 2025 을사년 운세: 사랑과 인연
31866,그사람의 속마음을 알고싶어요...🔑🧡#데아타로
38236,일주 궁합 관계도 1인 패키지
35991,재회운: 숨겨진 진심과 재회 가능성
26551,❤️난 살면서 몇번의 연애를 하게 될까?
39818,이직할까? 그냥 이 직장 다닐까?
33153,100% 정확한 상대의 속마음 사주풀이
32958,재회운...💜그 사람이 진짜 내게 하고 싶었던 말이 있었을까? 💜#수월화타로
37805,우리 인연 아직 남아있을까?
25972,그 사람의 속마음을 알고 싶어요!
25962,3개월 이내에 나타날 새로운 인연은?
34738,"다시 만날 수 있을까? 그사람은 도대체 뭘 원하고, 어떻게 행동할까?"
33524,그 사람이 나에게 표현하지 못한 감정은 뭘까?
25069,내 아이의 결혼운: 어떤 사람을 데려올까? (연속구매 할인)
25444,"2023년, 당신이 만날 수 있는 최상의 인연💗"
33601,"매일 내 프로필을 보는, 그 사람 누굴까?"
26603,"앞으로 3개월, 나는 솔로탈출 할 수 있을까?"
18301,{{이름}}[[이의/의]] 11월 종합운
35700,이별 재회운: 그 사람 재회 속마음
28367,그 사람은 나에게 어떤 감정일까?
32369,나를 짝사랑하고 있는 사람이 있을까?
31637,⚠ 직장에서 곧 생길 일 !
23157,그 사람의 속마음 | 김밀구
2344,분노조절지수 진단
36133,[깜짝 타임세일] 월지로 보는 인연: 배우자가 될 3명의 후보
26202,그사람 속마음
40312,"너에게 차단된 나, 그래도 난 네가 잘 지내는지 궁금해.속마음타로"
34119,계속 좋아해도 될까 + 앞으로 행동은?
40378,내가 짝사랑하는 상대방은 나를 좋아할까요?(3000자~)
30185,세상에 지친 당신을 위한 마음을 위로하는 하반기 운세
25964,그 사람 진짜 속마음이 뭘까?
18940,슬픔극복어쩌고
27707,우리 두 사람의 결혼가능성과 궁합은?
35109,🌸상대방은 앞으로 나에게 어떻게 할까?🌸#타로라포
29800,그 사람은 나를 어떤 의미로 생각할까?
38234,❤️현재 날 좋아하는 상대방은 다가와 고백할까요?(3600자이상)❤️💑 #타로라포
27937,[결혼] 행복한 나의 결혼 생활과 결혼운이 좋은 시기까지 살펴보기💖
32465,나에게 곧 찾아올 연애운 (솔로)
25408,새로운 인연
32922,그 사람과 나의 3가지 미래
24751,[협력유통] 2023년에 솔로 탈출할 수 있을까? | 타로아델
30319,[프로모션] 결혼 OX 궁합 + 나는 결혼해도 되는 사주일까?
26102,애매한 너의 마음 딱 알려줘📴
34579,"16카드: 그 사람과 나의 변화, 앞으로의 흐름"
29161,"앞으로 4주중, 연락운이 높은 시기 ❤️"
34280,그 사람이 하게 될 행동과 3개월 뒤 관계
27972,💞1주일 연애운: 이번 주 만나게 될 내 운명? #속마음#관계운#조언(3카드)
30116,한 달 안에 일어날 일들
38068,"구페🔥뉴페中선택! 내 앞으로의 인연, 뉴페이스일까 구페이스일까? 딱 정해드려요!"
33492,"그 사람, 다시 만날 수 있을까?"
33487,재회 가능성: 그 사람의 진짜 진심
33322,"그 사람, 나에게 어떤 행동을 할까?"
27871,이 사람과 결혼 해도 될까요?
29998,사주로 보는 연애운: 내 사주의 꽃말과 연애 전략은?
34308,[사주 상담] 본성·적성·운명 탐구
35176,내 운명 지금 어디 있을까? | 오지은
35010,짝사랑: 그 사람 진심과 끝나는 시기
31145,이성을 유혹하는 나의 매력
31468,나 좋아해?
29158,주위에 날 좋아하는 사람이 있을까?
28185,운명의 상대는 어떤 사람인지 봐주께~
26275,나는 앞으로 몇 번 더 연애할 수 있을까? | 유히로
28696,그 사람의 진심 -연애 편-
27479,인연을 만날 수 있는 행운의 장소와 외모!
27382,미리보는 결혼의 맛은?
33520,"연락 없는 이유, 먼저 연락할까?"
33521,그 사람에게 연락해도 될까?
26028,다음 주 나의 연애운은?
26404,헤어진 그 사람 다시 재회 할 수 있을까?
32298,지금으로부터 한달운세
30578,7월의 연애운 💕
27713,"다음 연애 언제, 어디서 시작될까? | 톡신"
26178,[챠미타로] 그사람은 나에 대해 어떤 생각을 가지고 있을까..?
39224,핵심이별운☠️ 우리 이별하게 될 지 알려드려요
33602,지금 격하게 날 좋아하는 사람은?
38141,[깜짝 타임세일] 내 인생 황금기와 암흑기: 사주팔자 풀이
35274,너의 속마음을 내게 알려줘~☘
33122,사주로 보는 그의 모든 것
29557,내 결혼운의 모든것
28404,나의 2023년도 연애운 캘린더 ❤️
31138,그 사람이 너에게 꼭 하고 싶은 말
26379,"내 운명은 비혼, 비연애 일까?"
33350,그 사람의 진심과 거짓은?
28533,붉은 실로 연결된 결혼할 그 사람
32968,💙재회타로💙우리 다시 사랑해도 될까❓ #반다타로
32971,자꾸 떠오르는 그 사람의 속마음❕
28898,[2인] 2023년 하반기 운세 보고서
30325,자꾸 생각나는 너의 진짜 속마음을 알고싶어!
21999,[행운의 사다리] 그 사람과 나의 결혼 궁합
19260,[할로윈 프로모션] 2022년 월별 운세
35005,"☃️겨울연애운 : 겨울까지 내 로맨스 어떻게 흘러갈까??어떤 사랑일지, 관계로 나아갈지 (7카드 8999자) #짝사랑 #썸 #싱글 #재회 #커플 모두 포함"
2299,썸테스트 - 우리는 썸일까?
26494,내게도 사랑이 올까요?
28730,앞으로 연애운의 흐름은?
38267,"그사람의 속마음,진심, 재회의 가능성 ❤️‍🔥❤️‍🔥"
36028,[짝사랑] 그 사람의 솔직한 감정은?
36146,[재회운] 이별과 재회 속마음
33382,{{이름}}님의 설레는 연애가 시작되는 시기💚
34145,그 사람이 감춘 말할 수 없는 비밀
36556,2024년 1월 연애운+속마음
26568,짝사랑 이루어질까? | 레미니씬
30705,그 사람의 진심이 알고 싶다.
26467,나의 다음 연애상대는 누구?
19057,あの人と復縁できる？やり直せる確率
26217,썸 타는 그 사람과 앞으로 어떻게 될까?
31238,"이 순간, 그 사람이 나에게 느끼는 감정은 뭘까?"
30089,"6월 운세: 나의 금전운, 연애운, 총운"
54013,독이 되는 관계: 10카드 스프레드
26133,자꾸 생각나는 그 사람과 이루어질 수 있을까?
32133,그or그녀의 속마음💗🧡❓#디오타로
26124,그의 애정을 얻는 방법
47968,[인기] 내 사주에 쓰인 운명의 배우자
31146,이때 그대의 인연이 다가옵니다. #데아타로
26471,내 주변에 나와 잘 될 인연?
32131,내 생각 하고 있나요? 재회...💜💙♥️#데아타로
26445,나의 다음 연애상대 미리보기👩‍❤️‍👨
34697,"우리 아직 사랑💜일까? (재회,속마음) #아이비스타로"
26556,자꾸만 떠오르는 너의 속마음은 뭐니?!
27214,나를 더 사랑하게 만들고 싶은데 어떻게 하면 좋을까?
34999,"재회운 풀이, 아직 날 좋아할까?"
30688,[얼리버드] 미래를 내다보는 인생 설명서
26436,난 어떤 직업이 어울릴까? 나의 진로운은?
31110,그사람 나에게 진심일까?
28795,"또 나만 진심이었을까? (feat. 이별, 연애)"
32661,그 사람이 결국 나에게 못 한말✉️✒️#샐리타로
32392,조만간 나에게 강하게 꽂힐 사람 특징
39520,🌸상대방과 나의 앞으로의 관계흐름(3000자이상))❤️🤔 #타로라포
40777,속마음타로: 이건 짝사랑일까요? 상대방은 어떤 마음일까요?
39330,(업셀링_결혼본심) 2024년 놓치면 안 될 3번의 기회
30579,🔥영혼의 인연🔥 이때!! 만나게 됩니다!!
37988,[깜짝 타임세일] 일생 풀이: 천운과 타고난 복(福)
39718,그 사람의 행동 예측 (7카드)
39059,내 카톡 프로필을 염탐하는 그사람의 속마음은?
32115,나의 진정한 연애가 시작되는 시기는?!
33418,있으면 언제든 필요한 PPT 템플릿 9종 패키지
34938,그사람은 내 생각 하고 있을까요? #상사화 [총 4000자]
27211,그 사람과 사귀게 될까..?
38365,[깜짝 타임세일] 사주로 보는 그 사람의 속마음
26473,솔로탈출 새로운 인연은 언제 나타날까🙏🏻
36419,[깜짝 타임세일A] 내 사주 속 최고의 겉궁합 VS 속궁합 상대는?
34590,꼭!! 들어야 할 수호령이 나에게 던지는 메시지🧧
18301,{{이름}}[[이의/의]] 8월 종합운
35795,짝사랑: 그 사람 내게 관심 있을까
34388,그 사람의 4가지 진심과 곧 생기는 일
39593,[궁합도] 놓치면 안 될 3번의 기회 1+1 이벤트
39591,[깜짝 타임세일] 이별리셋 패키지: 전애인 후폭풍 + 재회운
26023,(연속구매 할인) 자녀 성공운: 20대에 연봉 1억 만드는 법
25798,그 사람은 내 SNS를 염탐할까?
32062,곧 나에게 다가와 내맘을 채워줄 사랑
25598,내가 앞으로 만나게 될 사람은?
36662,나를 향한 그 사람의 생각(총3500자)💋✨#아이비스타로
33628,"나의 솔탈 상대는? 외모, 성격, 언제, 어디서"
35993,짝사랑: 결국 그 사람도 날 좋아할까?
34309,💜우리 이별은 이대로 끝 일까요? #샐리타로
33448,올해 안에는 애인 생길까?
29200,심층 궁합: 그 사람과 사귀면 어떨까? | 그대들의 센세
26462,그 사람은 날 어떻게 생각하지?
30948,그대도 날 보면 나만큼 설레이나요?
19292,2022년 신년운세 보고서 (비트윈)
33518,"나의 솔탈은 언제, 누구와 할까?"
30947,나의 다음 연애는 언제 어디서 어떻게 시작될까?
36121,"오늘🤗연애운❤️: 오늘의 연애운 😍❤️‍🔥 어떤 인연이 들어올까? #솔로 #썸 #커플 #짝사랑 #이별 모두 (1카드, 1500자, 40하트)"
40213,날 보고 싶어 할까? 먼저 다가올까?
32967,솔로 연애운에서 결혼운까지
35277,[짝사랑] 인연으로 이어질까?
35008,재회운: 속마음과 재회 가능성 풀이
34716,"그 사람은 나와 연인이 되고 싶을까요?(속마음,재회)🎎#아이비스"
29722,우리 궁합 잘 맞을까?
32925,지금 그 사람은 나에게 호감을 느낄까?
28138,미래 연인의 생김새
26193,나랑 밀당하는 그 사람의 속마음은 뭘까?!
35263,지금 날 좋아하는 사람의 나이는?
29389,(추천할인) 내 사주 속 최고의 겉궁합 vs 속궁합 상대는?
35437,"[재회운] 이별, 재회 어떻게 해야 할까?"
29201,그 사람과 내가 결혼할 확률은? | 그대들의 센세
34599,그 사람의 결정적 행동 + 그로 인한 관계 변화
27089,3개월 내로 솔로탈출을 할 수 있을까?
35203,그 사람 재회 속마음
33262,구독자 100만 유튜버로 성공하기 프리패스
34278,그 사람 속마음 뒤 숨겨진 진심은?
28267,그 남자 탐구 영역 👀 성격부터 연애까지 꿰뚫어보기!
38367,[깜짝 타임세일] 2024년 갑진년 신년운세: 합격과 커리어
33285,조만간 {{이름}}님에게 다가올 사랑은?!
27483,단 한장으로 알아보는 재회운 우리의 재회운은 몇 % 일까?
24835,(라마마 결제)내 사주의 연애와 결혼: 운명의 두 사람
26613,나의 다음 운명의 상대는 어떤사람일까?
35271,짝사랑 결말: 날 좋아할까?
34147,지금 날 미치도록 원하는 사람은?
28534,✨고민해결책 YES OR NO✨ 1장 🧚🏻‍♀️
35999,짝사랑: 계속 좋아해도 될까?
35230,궁합과 미래: 그 사람과 어떤 관계가 될까
30702,3년후 나의 모습
27085,짝사랑 이루어질까? | 미나상
35267,4가지 관점으로 보는 진짜 속마음
27447,당신의 인연을 찾아드릴게요 👩🏻‍❤️‍👨🏻
42228,"☸️아픈 선택: 삼각 관계속, 상대방은 누구를 선택하게 될까?(3200자~)"
50443,❤️‍🔥재회진단운_그 사람과 나의 재회가능성👼(2카드4988자)#재회타로 #재회 #연애타로
35264,"이별, 재회 어떤 선택을 해야 할까?"
27838,"[결혼] 앞으로 3년, 결혼운이 가장 좋은 시기💖"
37312,당신이 계속 몰랐으면 하는 원래 그 사람의 본심☘️🥀#팩트폭력타로
29059,이사람과 결혼해도 될까?
37878,그사람과 나의 시크릿(비밀)🔒🔑(3330자)😎 #타로라포
32659,🌸그대라는 행운 (상대방 속마음)🌸#타로라포
26225,"이번 봄, 새로운 이성의 등장!"
34381,그 사람이 할 단계별 행동은?
23993,신이 있으면 울리는 알람!
44767,🙏그사람은 앞으로 나와 어떻게 하고 싶은 걸까?(3300~)❤️
44932,아직 내게 마음이 남아있을까?
40246,[주간] 이번 주 {{이름}}님을 향한 그 사람의 속마음은..?!
25844,"그 사람과 나, 썸 탈 수 있을까?"
27091,두근두근 다음 연애상대
25842,썸남썸녀. 그 사람의 속마음은?
34390,"그 사람 지금, 내게 어떤 마음일까?"
26807,오늘 재회 확률은 몇 %일까?
21403,[이상형 투표 전용] 내 운명의 상대
36880,우리 진짜 끝일까...?
26134,Yes Or No 할까 말까 고민될 때!
26636,🥰나에게 반해버린 그 사람😍
11235,휴학할까 말까
31869,헤어진 그 사람과 다시 시작 할수 있을까요? 💔📆#디오타로 #재회
22097,[궁합 쿠폰 전용] 그 사람과 나의 속궁합
26137,슝~ 하고 날아온 {{이름}}[[이의/의]] 수호천사의 메시지
33323,그 사람과 다시 잘지낼 수 있을까?
38827,(업셀링) 2024년 신년운세 보고서
33638,재회VS뉴페💞현명한 선택은?
34739,🐉2024 🐉총운 미리보기_금전_애정_건강_일운_행운조언
35007,"솔탈, 언제 어디서 누구와 할까?"
39337,(업셀링_인생역전) 내 인생 언제 필까? 3번의 기회
40646,"보고 싶은 마음 : 지금 이순간, 그사람이 전하는 메세지(3200자~)"
43810,"직장생활의 흐름, 대인관계"
26180,"너의 속마음, 알고 싶어."
33592,"나와 끊어진 그사람, 도대체 무슨 마음일까?"
30117,1년 뒤 나에게서 온 메시지
34699,곧 일어날 일 + 그 사람의 진짜 진심은?
30093,내가 잡아야 하는 선물같은 기회
27724,2023년 하반기 운세 보고서_부적 1개
46252,"<심층버전> 그 사람, 날 염탐하고 있을까?"
26558,곧 나에게 고백할 썸남썸녀
33453,그 사람은 내 생각할까?
36984,2024년) 갑진년의 신년운세
28900,[추천할인] 일생 풀이: 천운과 타고난 복(福)
34340,그 사람의 속마음과 진심 + 두 사람의 미래는?
34073,[Limited Offer] Who's My Future Partner?
32983,[인연운] 곧 나에게 다가올 사랑❗
34835,"⚖️간단결정운! 👩‍⚖️ 그 사람에게 다가갈까? 기다릴까? 🥹 💘 #커플 #썸 #짝사랑 #재회 모두 가능(4카드,5400자)"
29207,그 사람도 나에 대한 감정이 있을까?!
31875,그대의 마음 속에 난 어떤 감정으로 담겨있나요?
57604,[특별할인] 결혼 궁합: 부부 합과 결혼 후 모습
26648,"1개월, 당신의 행운과 횡재운"
36815,[깜짝 타임세일] 그 사람과 나의 결혼 궁합
33021,🌸총4000자: 그대와 나의 하늘이 허락한 사랑🌸#타로라포
34138,<재회운> 네 마음 속엔 아직 내가 남아있니?
56086,{{이름}}님 관상에 보이는 결혼수: 상대 & 시기
33495,[속마음] 그 사람과 연인💗 될 수...있을까??#디오타로
18301,{{이름}}[[이의/의]] 12월 종합운
35329,날 설레이게 하는 그 사람의 속마음💛
34071,"그 사람, 나를 얼마큼 좋아할까?"
21702,[행운 룰렛] 반드시 잡아야 할 내 인생의 귀인은?
40577,지금 나에게 다가오지 못하는 너는 어쩌려고 그러는 거니..?
34712,꼭 잡아야할 그 사람#인연운
33558,자꾸 떠오르는 그 사람..날 어떻게 생각할까?
33626,그 사람은 당신에게 이렇게 마음을 전할 거예요!
26006,"곧 나에게 나타날 두근두근, 썸의 시작!"
31567,헤어진 그 사람과 다시 만난다면_재회운
27480,곧 만나게될 인연은 바로 이런 사람 !
37771,짝사랑 속마음: 흐름과 결말
24761,[협력유통] D-DAY 타로: 솔로 탈출까지 며칠 남았을까? | 라망타로
18301,{{이름}}[[이의/의]] 10월 종합운
36286,⭐그 사람이 당신을 보며 한 결심⭐#팩트폭격타로
31931,🌸그사람이 말하는 내가 특별한 이유🌸#타로라포
32623,성공률200%새로운 인연을 만나는 장소
35279,속마음: 행동과 다른 진짜 진심은?
27905,재회한다면 어떨까
34315,걱정하는 문제 잘 해결 될까?
31237,올해 솔로탈출 가능할까?
26435,"나의 첫인상, 나의 이미지는?"
38332,우리 다시 만날 수 있을까?재회에 대한 이야기🌟🍸🍷 #사주타로
30313,그 사람은 날 어떻게 생각할까?
30248,연애를 잘하기 위한 개운방법은?
26168,💝 그 사람의 연애 MBTI는? 나를 좋아하게 만드는 밀당 방법 💝
25974,썸타는 그 사람의 속마음
35430,그 사람도 재회 고민 할까?
37408,연락 없는 이유와 진짜 진심
33595,너에게 숨긴 진짜 속마음은?
25777,힐링이 필요한 당신에게
26185,그 사람도 내마음과 같을까?
33685,"재회 가능성, 그 사람의 숨겨진 속마음"
36926,[재회] 그 사람 재회 원할까?
41203,[매력] 이성들이 보는 {{이름}}님의 매력!
46615,"날 짝사랑하는 사람은 누굴까? 내게 보낼 시그널, 대사 등 5종세트"
26165,♥ 그사람의 속마음이 궁금해요 ~
27282,올해 새로운 인연을 만나게 될까?
2408,이별테스트 - 우리 헤어져야 할까?
19048,あの人は私を恋愛対象として見てる？
33226,3개월 안에 새로운 연애운이 있을까?
31375,연인 직장 동료 가족 인간관계 고민 이렇게 하면 돼
28814,[연애운] 결혼까지 함께 할 나의 연인
21703,[행운 룰렛] 타고난 부(富): 내 사주로 평생 모을 재산은?
35033,재회운 풀이: 그 사람도 나 보고 싶을까?
34049,재회 속마음: 다시 만나도 될까?
31874,8월의 연애운 💝
36594,[사전 예약] 2개 구매자 추가 할인
30025,짝사랑 이루어질까? | 융나
27187,[협력유통] 그 사람 속마음 [심화편] | 타로아
31812,날 바라볼 때 그대의 마음은 어떤 말을 하나요?
41007,속마음 타로:그 남자가 당신에게 감춘 비밀스러운 생각들
32974,이성들이 보는 나의 첫인상&매력
26585,재회운2 그 사람의 새로운 연애운은?
35009,속마음: 그 사람이 숨긴 4가지 진심은?
36191,우리 예전으로 다시 돌아갈 수 있을까?🙏🏻#샐리타로
34120,11카드: 찐 연애 매력 + 날 좋아하는 사람
38431,지금 남몰래 당신을 좋아하고 있는 사람💕
26463,우리는 재회 할까요?
32129,곧 나에게 다가올 사랑은?(사랑하고싶어!!) ❤️#아이비스타로
26352,[솔로 연애운] 이번 주 나의 연애운은?
30316,썸 타는 사람과 앞으로 어떨까?
32531,<인연운> 나에게 사랑이 올까요?!
33627,"솔탈 일지: 언제, 어디서, 누구와 할까?"
30021,그 사람과 내가 결혼할 확률은? | 융나
42589,나와 이어질 새로운 인연은?
36931,그사람과 너의 미래를 알려주마. 나는 그사람을 잊을 수 없습니다. 🕰️#산신할머니
40152,(업셀링_인생그래프) 사주로 보는 인생 그래프: 일생풀이
32494,그 사람의 진짜 속마음은💗? #반다타로
33358,{{이름}}님에게 새롭게 다가올 인연과 사랑💗
2332,고민 OX 타로
33269,퇴사부터 이직 연봉 협상까지 한 번에 해결하기
26273,그 사람과 다시 만날 수 있을까?
41237,"그 사람의 이상형, 나에대한 속마음, 연인이 되는 방법🩷"
32293,멀어져 가는 그 사람의 속마음
2381,내마음테스트 - 나 너 좋아하냐?
36036,너가 도대체 왜 이러는지 모르겠어! (속마음)🍺🍺#샐리타로
26218,사람들이 생각하는 나의 매력은 무엇일까?
33450,"그 사람, 나에게 진심일까?"
26755,그 사람은 어떤 사람일까?
35175,"다음 연애 언제, 어디서 시작될까? | 오지은"
19090,いい感じのあの人…恋に発展するかな？
25561,감정 카드: 색으로 알아보는 나의 연애 심리
33618,"짝사랑, 도대체 언제 끝날까?"
25467,"내 마음 속, 그사람은 어떤사람일까?"
34741,썸남썸녀 속마음과 앞으로 흐름은?
25828,한 장으로 보는 오늘의 운세
26513,⚡️Yes or No? 할지 말지 고민될 때!
26611,솔로탈출 원해? 내가 솔로운 매운맛!
37146,"그 사람, 내가 유혹할 수 있을까?"
25975,나 오늘부터 썸을 한 번 타 볼 거야
25965,썸 그만 타고 우리 LOVE하자💖💖
40412,2024년 5월 연애운+속마음
42259,"간단 진로운💻 나에게 가장 잘 맞는 진로는? 그에 따른 추천 직업과 가져야 할 마음, 특징 등!(1카드 2899자)"
30181,"두사람 중, 누굴 선택해야 좋을까?"
37309,🚫❤️금지된 사랑을 하는 '나' 🚫❤️#산신할머니
36353,[깜짝 타임세일B] 그 사람과 나의 결혼 궁합
27189,사주오행 활용: 내가 갑이 되는 연애법_결제
34050,"그 사람, 재회 원할까? 다시 연애한다면"
28374,사주로 보는 연애성향
25457,"내가 하고자 하는 일, 잘 될까?"
41072,(추천할인) 사주로 보는 자녀교육: 우리 아이 어떻게 키울까?
38425,당신을 떠난 남자가 남긴 마지막 편지를 읽어드립니다.✉️📮#팩트폭격타로
31474,곧 나에게 다가올 사랑은 누굴까❓
30682,[얼리버드] 어스팩트가 보여주는 우리의 궁합
34121,사주팔자 10월달 뜻밖의 행운의 날
42035,[창광_24하반기] 3개 구매자 추가 할인
33362,그대 마음 속에 난 어떤 감정으로 담겨있나요?
35169,심층 궁합: 그 사람과 사귀면 어떨까? | 오지은
21143,(추천할인) 다음 달엔 짝사랑 끝낼 수 있을까?
34669,곧 생기는 일과 그 사람이 숨긴 진심
38531,💝그사람은 나와 헤어지려고 그러는 건가요🤕? #타로라포
25494,연애운1:룬스톤이 여러분과 사랑에 빠질 사람을 알려드립니다!
35284,날 잊지 못하는 사람. 놓지 못하는 이유
33222,이성들에게 비춰진 나의 매력은?
35362,속마음: 지금 관계 어떻게 생각할까
26437,내 미래의 연인의 모습은?
34706,너의 진짜 속마음을 알 수 있을까?!
57901,[특별 할인] 삼신할매가 점지한 내 진짜 인연 VS 가짜 인연
38299,기다릴까? 그만할까?
19113,四柱推命で見る生まれ持った結婚運
35003,속마음 뒤 감춰진 진짜 진심은?
28535,그 사람과 결혼 할 수 있을까?
38992,2024년❤️올해 연애운❤️
39360,그 남자가 당신에게 확신이 없는 이유🪓💢 #팩트폭격타로
34698,"오늘의 운세, 매일 봐도 궁금해!"
27973,올해 연인을 만나게 될까?
26656,선물처럼 나에게 올 사랑은?
38424,"[재회운, 속마음] 그사람이 원하는 것은 이것 입니다 🌓🌒🌔🌕🌙"
35118,[속사정] 절대 말하지 않는 진짜 속마음은?
26458,"귀인운, 내게 손내밀어줄 중요한 사람 누굴까?"
34941,그 사람의 현재 진심은 뭘까?
26589,내가 원하는 사람은 언제 만날 수 있을까? 💞
35213,"짝사랑 흐름, 계속 좋아해도 될까?"
41038,[재회운] 그 사람은 나를 어떻게 생각할까?
39358,"[사주(四柱)와타로] 떼돈을 버는 황금재물운(財物運)💰, 평생사주🧧, 최고의 귀인운(貴人)은 언제 들어올까?"
19489,"2022년의 인연, 언제 어떻게 찾아올까? (추천 할인)"
25958,헤어진 이후 상대방의 속마음
18433,너 혹시 나 좋아해?
32295,이 사람을 계속 만나도 될까?
28993,A or B? 어떤 선택을 해야 할까냥?
34574,10카드 재회 속마음 심층 풀이
37380,2024년 전체 연애운 ❤️
35709,그 사람의 속마음을 투시해 볼까요?👓🩻#아이비스
23226,우리 2세는 어떤 아이일까? | 마리
30448,그대와 그사람은 전생에 인연이였습니다.🎡 #샐리타로
35111,"🌸올해 하반기 나의 사랑운,금전운,조심해야 할것(3000자~)🌸#타로라포"
35206,곧 생기는 일과 그 사람 진짜 속마음
31454,그 사람의 진짜 진심은 뭘까?
37244,상대방의 감춰진 속마음은 무엇인가요?😢🕶️ #타로라포
36254,그 사람 재회 속마음과 미래
31107,이번 달 금전운을 알려줘
23225,결혼한다면 어떨까? | 마리
34143,만나야 할 운명 + 지금 날 좋아하는 사람
36034,우리 관계의 전환점은?(썸은그만!)🍹#수월화 타로
37639,2025년 신년운세
26224,두근두근 썸! 상대의 속마음
39685,재회) 그 사람이 생각하는 나
28174,짝사랑 이루어질까? | 이미담
36135,[깜짝 타임세일] 사주오행 활용: 내가 갑이 되는 연애법
26465,새로운 사랑이 올까?
50476,"이 달의 연애운🍎 내 연애운 궁금하다면?🐰1카드, 3500자💜#연애타로"
26647,그 사람과 재회 할 수 있을까?
31209,사주운세 : 지난 7월~8월7일까지 전체운세
35117,[연락운] 그 사람 속마음과 연락 없는 이유
36323,재회운: 나랑 다시 사귀고 싶을까?
38564,[속마음&재회] 정말로 울면... 내가 그댈 보내준 것 같아서
35275,[재회운] 지금 내게 어떤 감정일까?
40647,그 아픈 마음: 갑자기 헤어지자는 상대방의 진심(3400자~)
38761,[깜짝 타임세일] 타고난 부(富): 내 사주 재물운과 평생 모을 재산은?
27721,나는 어떤 사람과 결혼하게 될까? | 톡신
26112,[커플&연애운] 우리는 연애중!!! 궁금증?좀 풀어줘라 오바📣!!!
33515,"운명, 내 결혼 상대는 누구일까?"
30544,그사람이 나에게 미처 전하지 못한말은? #샐리타로
26569,이별 실감: 우리가 헤어진 진짜 이유 | 레미니씬
29523,이성이 보는 나의 매력?
36428,연락운 재회운 궁금하다면
34310,내 전생은 ? 👸🏻🤴🏻#디오타로
1710,불면증 진단
36925,속마음의 변화와 곧 할 행동
28333,오늘 우주가 당신에게 보내는 메시지
34934,그 사람 진짜 속마음과 곧 다가올 변화
25961,대운분석 : 운명이 준 3번의 기회
36505,속마음: 이번 주에 연락 올까?
997,만성피로 진단
39511,그 사람과 싸웠어요.화해할 수 있을까요?🍷🍹🍻 #사주(酒)타로
35659,연말 연애운 & 연애상대
33119,💛연애는 언제 할 수 있나요? #데아타로
32969,💗속마음 타로💗무심한 듯 계속 챙겨주는 그사람 진짜 속마음은? #반다타로
29754,타고난 재물운과 부자되는 개운법
34277,짝사랑 조언과 해답: 언제 끝날까?
44835,💕나의 다음 연애 언제쯤 이루어질까?
34392,날 얼마나 생각할까? 2주 안에 일어날 일
29203,썸 어떻게 될까? | 그대들의 센세
30413,나' 보고서 (10카드)
26194,한달 동안 일어날 일들과 행운컬러조언
28182,선택 타로: 이 사람 계속 만나도 될까? | 그대들의 센세
25833,나의 천생연분은 어떤 사람일까?
2483,반려동물 입양 테스트
36924,"2024년도, 나에게 주어질 단 하나의 복운 그리고 조심해야 할 액운 🧧"
41335,재회 원하고 있을까?
44437,이런 사람이 {{이름}}님에게 다가올 거예요❤
19291,[빼빼로데이] 2022년 신년운세 보고서
46087,🪭100% 정확한 그 사람의 속마음!!
30250,내게도 운명적인 사랑이 올까요❓
36506,재회 흐름과 그 사람 속마음
38699,🔔띵동🔔그 사람한테서 편지 왔어요📮✉️ #샐리타로
37110,끝까지 숨긴 진짜 속마음은?
23284,나의 11월 스트레스 온도는?
33354,🎀그 사람의 속마음🎀 #데아타로
35996,[결혼운] 미래 결혼 상대 외모와 성격
36320,주변에 날 짝사랑하는 사람은?
32727,"직장궁합, 이 직장 나와 잘 맞을까?"
26596,나의 솔로 탈출 시기는 ?
39335,(업셀링_인생역전) 타고난 성공운: 사업으로 부자 되는 법
34572,그 사람에게 난 특별한 존재일까?
33555,"2025년, 그 사람은 내 애인일까?"
26150,지금 고민되는 일 YES or NO
19522,2022년에 커리어 성공할 수 있을까? (하바별타 할인전용)
41533,어장일까? 진심일까? 그 사람의 진짜 속마음은?
39225,그 사람이 숨기는 진짜 속마음
39817,속마음 타로: 그대에게 못한 말 편지로 보냅니다.
39822,조만간 그 사람은 이렇게 합니다! 그사람 속마음
24758,[협력유통] 2023년에 우리 사이 어떨까? | 하바별타
30028,나는 어떤 사람과 결혼하게 될까? | 융나
34123,"연락 속마음: 그 사람, 무슨 마음일까?"
26565,먼저 연락 올 확률은? | 레미니씬
36134,[깜짝 타임세일] 사주 복록 풀이: 타고난 부동산 복 활용법
37945,사람 관계부터 나의 이미지까지
37576,❤️그사람은 나를 얼마나 사랑할까?😢#타로라포
26032,호감 가는 그 사람의 속마음은?
19296,[빼빼로데이] 2022년 솔로탈출시기
27872,그 사람의 시선의 의미
33548,이별 이후 재회😭💗 #디오타로
29997,나랑 잘 맞는 연애상대는 어떤 사람일까?
35268,그 사람이 결혼 상대 맞을까?
37212,2024년 2월 연애운+속마음
33514,2025년 그 사람과 어떤 사이일까?
26158,밀당하는 그 사람!
33221,조유리 미공개 포토 카드 랜덤 뽑기
35231,속마음: 그 사람도 날 좋아할까?
35595,재회운 속마음: 아직 날 생각할까?
34384,먼저 연락하면 그 사람의 반응은?
34245,"지금 썸타는 그 사람, 운명 맞을까?"
39821,속마음타로: 언제 고백할까?
26011,응답하라! 나의인연! (나에게 찾아올 새로운 인연은?)
31147,러브 시그널을 보내는 그 사람의 속마음
26136,너를 믿고 시작해도 될까?
26010,할까? 말까? Yes or No
26256,이번달에 애인 생길지 딱 알려줌🎃📌
38201,짝사랑 결과와 그 사람 진심
36222,그 사람의 진심은 무엇일까요? 💘💝💌#타로라포
36187,짝사랑: 내게 어떤 감정일까?
35791,지금 내게 어떤 감정일까?
37546,원하는 성적 얻어낼 수 있을까?
36852,연락운 풀이: 조만간 연락 올까?
32665,8-9월 솔로 연애운
32528,밀당만하는 그 사람의 속마음..!
35862,결혼운: 내 배우자는 누굴까?
32962,💗'속마음 타로' 💗그 사람의 눈에는 내가 어떤 사람으로 비춰질까❓ #수월화타로
24754,[협력유통] 2023년에 솔로 탈출할 수 있을까? | 타로아브니
36143,[재회운] 속마음과 가능성
28036,나에게 새로운 사랑이 올까요?!
39513,나는 그 남자의 썸일까? 어장일까?🎣🐠#팩폭타로
34125,"연락, 언제 올까? 연락운 속마음 풀이"
26247,(추천할인) 선택 타로: 이 사람 계속 만나도 될까?
39329,(업셀링_결혼본심) 2024년 신년운세 보고서
28631,"이별직감_너랑 나, 끝인거니?"
32031,너가 만날 연인의 속마음 & 특징은?
26018,그 사람과 결혼하면 어떨까? : 가치관 궁합 진단
26537,내 다음 연애 상대는?
49849,"간단삼각운☠️:그 사람 나 말고 다른 사람 있을까?(1카드, 3000자)"
35201,그 사람이 원하는 우리 관계는?
34592,우리 다시 만날수 있을까? #재회 #데아타로
21701,[행운 룰렛] 사주로 보는 내 타고난 결혼운
36145,2025년 솔탈 언제 할까?
33461,그 사람이 연락이 뜸해진 이유
26201,그 사람과 다시 가까워질 수 있을까?
36504,속마음: 2주 안에 어떤 일이 생길까
34341,내 퍼스널 매력 + 결혼 상대는?
40873,하반기 이직운 이직준비 ㄱ?
43183,간단결혼가능성운: 궁금한 그 사람과 결혼가능할까? 핵심만 알려드려요😄💖(1카드 2900자) #결혼 #결혼타로
40085,당신이 알면 상처받을수 있는 그 남자 마음.속마음 타로
38629,상반기 이직운 이직할까 말까?
33023,[얼리버드] 5분 만에 ROAS 200% 광고 소재 만들기
35798,"재회운: 그 사람, 내가 보고 싶을까?"
34334,💌곧 나에게 고백해올 그 사람💌#데아타로
33496,내가 좋아하는 그 사람의 속마음🌛
29723,운명적으로 다가올 당신의 인연 그리고 사랑
26107,설레이게 하는 그 혹은 그녀의 속마음
40083,상대방은 나와 어떻게 하고 싶은걸까?(3300자이상)
34313,🌸곧 내게 다가오는 사랑의 모습🌸#타로라포
31666,재물운은 언제 터질까? (돈 복)
41665,헤어진 후 그 사람은 나에 대해 어떻게 생각할까?
35273,요즘 날 몰래 좋아하는 사람이 있는지 궁금해!
33523,그 사람은 이럴 때 무슨 생각 할까?
28498,나는 어떤 사람일까?
24654,앞으로 나 뭐해먹고 살지?
41005,그 간절한 마음:상대방에게서 연락이 올까요?(3200자~)
37311,"답답해죽겠네, 너를 그냥 놓아버릴까? 🦄🎀#샐리타로"
36748,우리 앞으로 어떻게 될까?
35439,2024년 내가 얻게 될 것
27445,썸타는 그 사람의 속마음이 궁금해요 ~ !
38423,[금전운비책] 전생에 나라를 구했나봐!!!🌓🌒🌔🌒🌓🌔
33490,나는 어떤 사람과 결혼할까?
34377,재회 속마음: 우리의 재회 가능성
33597,그 사람이 생각하는 우리 관계는?
27079,D-DAY 타로: 솔로 탈출까지 며칠 남았을까? | 미나상
34711,내 운명의 반쪽이 나타나는 시기!
38959,이루게 될 소원과 징후🌟🌠#타로하는 크리스탈힐러 레아
34554,자꾸 생각나는 너의 속마음이 알고싶어..!
43021,🙏알고싶어요:현재 이순간 상대방 속마음(3000자~) 🤔❤️
2174,강박증 진단
35994,속마음: 곧 내게 보일 행동은?
33527,그 사람의 눈에 나는 어떻게 보이나요?
37382,사귐운👩‍❤️‍💋‍👨그 사람과 사귄다면 어떻게 될까? (1글자 1300자) #짝사랑 #솔로 #싱글 #커플 #이별 #재회 모두 가능 💘😇
24752,[협력유통] 2023년에 솔로 탈출할 수 있을까? | 라망타로
34048,"나는 언제 결혼할까? 외모, 성격, 장소"
26000,앞으로 만나게 될 나의 새로운 인연은?
34768,여전히 아름다운지...(재회) 💗#디오타로
40778,2024년도 남은 운의 흐름을 알아봅시다!
32326,뜨거운여름시원하게 해줄 8월 운세
27719,짝사랑 이루어질까? | 톡신
49222,그 사람은 우리 관계를 진지하게 바라볼까
33286,사랑의 울림과 떨림을 주는 그 사람_짝사랑/썸
40644,이 직장 오래 다니면 지금보다 나아질까?
35212,"재회 할까 말까, 그 사람 생각은?"
43184,[히든스킬] 좋아하는 그 사람의 속마음은
27813,"나의 운명의 상대, 4계절중 언제 만나게 될까? ❤️"
26019,새로운 인연을 만나는 방법
34314,🌸나를 짝사랑하는 그사람🌸#타로라포
26195,나의 전생은 어땠을까?
36445,다시 만나고 싶은 사람이 있나요?🎡💎#데아타로
25959,"두근두근 , 알수없는 그대여"
27907,지금 알아야 할 것
30945,화끈한 7월 운세
57110,[창광_26신년] 2개 구매자 추가 할인
25411,이번 주의 나의 운 : 이 시기에 가장 중요한 것은?
32728,{{이름}}의 사주로 본 연애 잘하는 방법은?
31699,그 사람과 궁합은 어떨까?
33121,🤴🏻👸🏻우리의 전생은 어떤 인연이기에??? #샐리타로
34320,그 사람과 나의 2025년 관계 흐름
34577,이별에 대한 속마음과 우리의 관계 흐름
33231,연봉 1억 뷰티 인플루언서 완성
33494,💗*그사람의 속마음으로 초대*💗#아이비스타로
37937,그 사람이 생각하는 너와의 관계
40379,도대체 연락 언제 올까?
35278,재회운: 우리 앞으로 어떻게 될까?
33617,10카드: 그 사람과 궁합 + 내 결혼 상대는?
37686,그 사람이 꽁꽁 숨긴 진짜 속마음
37413,❤️그사람은 나에게 욕망일까?사랑일까?❤️‍🔥 #타로라포
2459,권태기테스트 - 우리 식은걸까?
28531,5월달 정해진 나의 운명 사주풀이
40579,그 남자가 들키기 싫은 본심과 비밀을 파헤쳐드려요^^
45495,그 사람의 속마음과 나에게 바라는 것은..
38530,그 사람의 마음은 호감일까? 호의일까?🎀💍 #데아타로
42194,남은 하반기에 어떤 복운이 나에게 있을까? 💸🩷🧧
37879,그 사람의 속사정❤재회운#크리스탈힐러레아
34687,날 좋아하는 사람과 그 사람이 보일 행동
41073,(추천할인) 내 사주에 자녀 몇 명일까?: 타고난 재능과 성공운까지
36421,그 사람이 당신을 거절한 이유를 알려드려요.🪞🍎#팩트폭격타로
37310,곧 내게 다가올 기적같은 사랑🔔❤️#산신할머니
34126,그 사람이 보는 나는 어떤 사람일까?
33653,10월의 연애운 💞
38696,그사람은 나의 마지막 문자에 왜 답이 없을까?💝 #타로라포
38136,그 사람의 속마음 !!탐색!! 🔎🔎#데아타로
34327,그 사람은 나를 연애상대로 생각할까?!
30216,연애에 대한 팩트조언을 해주께!
34578,그 사람은 너의 이런 매력에 흔들려
27938,우리의 인연은 어디까지 이어질 수 있을까?
21569,[목표 이벤트 전용] 2022년 하반기 솔로탈출시기
35115,[속마음] 그 사람도 내가 보고 싶을까?
35066,그 사람이 당신에게 말하지 않는 진심을 알려드릴께요. 🌷#팩트폭격타로
26370,썸타는 이성과 잘될까요?
36025,그 사람 상황과 진짜 속마음
35696,솔탈: 곧 나타날 나의 상대는?
26653,"넌, 잘 지내고 있니... 나는..."
34407,"날 짝사랑하는 그 사람, 누구일까?"
26567,3개월 안에 다시 만날 수 있을까? | 레미니씬
35703,속마음 3가지와 곧 보일 행동
19424,[크리스마스 푸시 전용] 2022년 솔로탈출시기
23155,이번 달 우리 사이 어떨까? | 김밀구
24736,5가지 페르소나로 알아보는 나의 진짜 모습
35434,연락 뜸한 이유와 감춘 속마음은?
35214,그 사람의 결정적 행동 시그널은?
34675,반드시 알아야 할 진심과 행동
57736,"병오년🔥2026🔥새해운세 몇 점일까? 연애, 금전, 총운, 조언까지😄 (4카드, 8998자🌝)#병오년운세#신년운세#새해운세"
35605,(비트윈 전용) 2024년 신년운세 보고서
30813,앞으로 1년 우리사랑 전망은?
32724,최고의 행운타이밍! 콕 짚어드림
29755,"내가 만나게 될 인연, 어떤 사람일까?"
41896,"현재 그대의 고민, 전생을 통해 해결 해 드립니다. 🙏"
40082,나의 업무 능력과 이직의 가능성(3200자이상)
36625,나의 황금빛 미래와 조심해야 할 악운 🗝️
35265,그 사람의 솔직한 속마음은?
26438,신猫한 그 사람 속 마음 알아보기
34945,말 한 마디로 매력적인 사람이 되는 3 STEP
30049,원하는 것을 가질 수 있을까?
26248,(추천할인) 2023년 나에게 찾아올 12가지 행운
34593,🌸상대방이 생각하는 나의 이미지와 매력🌸
19032,あの人と付き合ったらどうなる？
39157,[24년 삼일절 연휴] 인생 역전의 비밀: 내 사주에 주목할 운명은?
26561,그 사람 속마음 [심화편] | 레미니씬
2346,반려동물 마음 사로잡는 법
36851,곧 그 사람이 밝힐 속마음은?
34379,"그 사람이 보는 나, 진짜 속마음은?"
35399,두 사람은 다시 만나게 됩니다🕯️🥂🍾#데아타로
26191,환승 연애 A. 새로운 사람에게 마음이 가요. 환승할까요?
35232,"재회운: 그 사람, 감정 변했을까?"
33517,다음 달에는 솔탈 가능할까?
2399,철벽 테스트 - 나는 철벽일까?
38402,주변에 날 좋아하는 사람은?
49288,"👩‍❤️‍👨간단 궁합운💖너와 나의 우리 둘의 궁합 어떨까?(1카드, 2400자) #궁합운 #타로 #궁합 #궁합타로 #라망타로"
36041,2024년이 오기 전 액운을 정화하는 방법🧧 씻김굿을 대신 해드립니다. [총4000자] #정화 #액운
34246,"2024 솔탈 일지: 언제, 누구와 할까?"
28069,나의 다음 연인의 특징
42688,우리는 함께 할 수 없나요?
34672,속마음 속 숨긴 진심과 행동은?
36652,곧 내게 고백할 사람 누굴까?
35112,첫사랑이 생각나는 오늘....🕯️🍷#디오타로
35013,[연락운] 곧 나에게 다가올 사랑💚
34969,짝사랑: 언제 끝날까? 핵심 조언
36715,레노먼드로 보는 신년운세
34670,"두 사람의 관계 변화, 곧 보게 될 행동"
34116,남들도 부러워하는 나의 매력은?
35860,그 사람 속마음과 연락 조언
39336,(업셀링_인생역전) 사주로 보는 적령기: 지금 따르는 길운은?
48661,"🪭타로&오방기: 그 사람, 곁에 지금 다른 사람 있을까?"
36651,월하노인이 선택한 하늘이 정해준 인연 🌕🌙# 산신할머니
30877,이번 여름 다이어트는 성공할까?
35707,🌸그대를 향한 그 사람의 속마음🌸#타로라포
39338,(업셀링_인생역전) 내 사주 액운막이: 10년 방탄 살풀이
38426,그 남자가 나를 떠난 이유를 알고싶어요! 🍁🍺#팩트폭격타로
34504,나의 새로운 연애가 시작되는 시기는?!
33352,미래의 배우자 미리보기
30547,"나를 ""대박""으로 이끌어 줄 귀인이 다가옵니다 #아이비스타로"
42196,속마음 타로: 요즘 그 사람의 마음은 어떤 상태일까? (총7장카드선택)
33596,그 사람은 날 언제 떠올릴까?
30153,그댄 나에게 어떤 감정을 가지고 있나요?
38422,"나의 10년 후, 20년 후의 모습은?💸💸💸💸"
35170,먼저 연락 올 확률은? | 오지은
18950,달달한 보이스 채팅 - 머루
53776,사랑운❤️그 사람 나 얼마나 사랑할까? 점수로 알려줄게요(1카드 3000자🤗✨#사랑타로 #애정타로 #연애운타로 #연애타로
39983,재회...우리는 다시 만날 수 있을까...
34594,🌸나에 대한 상대방 속마음🌸
37210,그 사람과 연인이 될 수 있을까?
37880,"5카드 [그사람의 현재 속마음, 재회] 두 사람의 전생"
34323,짝사랑 언제 끝날까?
26497,지금 나에게 필요한 메세지
35276,"[속마음] 그 사람, 날 좋아할까?"
35432,속마음보다 깊은 그 사람 비밀은?
34316,[연애운] 나를 곧 좋아하게 될 사람💛
34376,나의 솔로 탈출 D-DAY는?
35032,속마음 풀이: 그 사람 3가지 진심은?
35428,속마음: 날 보며 무슨 생각을 할까?
26752,싸운 후 남친 속마음이 궁금해!
38235,썸은 이제 그만!! 우린 변화가 필요해!!🛤️🌉❤️#샐리타로
30022,그 사람 속마음 [심화편] | 융나
34378,"그 사람과 나, 앞으로 어떻게 될까?"
26570,이번 달엔 짝사랑 끝낼 수 있을까? | 레미니씬
25987,내 마음이 제일 궁금한 당신께 타로
48398,"✈️변화,이동운🌷내 운명의 흐름이 바뀌는 터닝포인트, 언제 생길까?(1카드,2999자) #이직운 #이동운 #변화운 #행운타로 #라망타로"
34275,3가지 심층 궁합 + 미래 어떨까?
23887,10문10답 : 잃어버렸던 나의 이야기 찾기
34405,지금 날 너무나 좋아하는 그 사람은?
34968,속마음: 그 사람도 날 원할까?
32821,곧 당신이 사랑할 그 사람
35995,"관계 흐름, 결국 어떤 사이일까"
33237,"월 1,000만 원 '네이버 인플루언서' 초단기 달성 비법"
25637,주간 연애운
32927,하반기 솔로 연애운
27184,[협력유통] D-DAY 타로: 솔로 탈출까지 며칠 남았을까? | 타로즈
34247,2025년 연애 신년운세: 운명 만날까?
34124,언제 애인 생길까? 솔탈 상대와 시기
41797,신년 운세
35065,그 사람 과 나는 연인이 될 수 있을까..?🌹#데아타로
27419,그 사람이 가지고 있는 나에 대한 호감도와 연애스타일은?
51466,염탐하거나 연락하려고 할까?
34067,"그 사람이 나를 좋아하는지, 잘 되기 위한 방법은?"
34690,그 사람 속마음과 앞으로의 관계 변화
34122,올해 안에 솔탈 누구와 할까?
27083,그 사람 아직 나한테 미련 있을까? | 미나상
37943,2024 New Year Fortune Report
33120,*차마 전하지 못한 그 사람의 진심*📨❤️#아이비스타로
36386,재회운: 가능성과 미래 흐름
26523,[사전 예약] 비로소 만나게 될 나의 운명
33603,"결국 친구일까, 연인일까?"
28177,그 사람과 내가 결혼할 확률은? | 이미담
27720,다가올 인연의 외모·성격·직업은? | 톡신
36517,곧 솔탈 할까? 누구와 어떻게
23224,우리 얼마나 오래 갈까 | 마리
35429,행동 의미: 감추고 있는 속마음은?
35200,곧 너에게 할 말과 행동은?
29160,내가 솔로인 이유 ❤️
27714,좋아하는 그 사람의 속마음은? | 톡신
26530,짝사랑 YES or NO 🔍
39586,내 짝사랑 앞으로 어떻게 될까?
26631,왜 내 짝사랑만 이렇게 힘든 걸까요?
25892,성공의 속도를 올리고 싶다면 꼭 해보세요
33053,그 사람의 이상형&공략법
39331,(업셀링_결혼본심) 사주 살풀이: 타고난 살과 2024년의 살
19049,あの人、私とどこまで想像してる？
37345,2024 갑진년 초대박 나의 운세🥇🎇#아이비스
52324,그사람이 말 못한 세가지의 메시지📕📗📘
35000,"연락운 풀이, 그 사람 속마음"
36816,😚 너는 나랑 🔞할 때 어땠어? 😚
996,폭식증 진단
42226,📧상대방속마음: 그사람의 진심 그리고 앞으로의 행동(3100자~)
38202,연락 언제 올까: 속마음 풀이
34146,그 사람은 너와 이런 관계를 원해
37343,속마음: 진심과 우리의 관계 진전
26495,내일의 운을 알아볼까?
38963,그 남자에게 마음을 고백했는데 그 남자의 마음이 궁금해요👠💄#팩트폭격타로
27715,그 사람 아직 나한테 미련 있을까? | 톡신
36983,재회운: 여전히 날 떠올릴까?
36583,짝사랑 흐름과 미래는?
47605,Yes or No 💘확실하게 알려드려요! 내가 예상한 대로 흘러갈 지 말 지 👼 똑부러지게 알려드립니다(1카드)
42787,[악운/대운] 당신을 지키는 수호신의 메시지 🧧🧧
41008,그 남자가 절대 잊을수 없는 당신에 대한 모습들
35116,[짝사랑] 결국 내 마음 알아줄까?
26092,"앞으로 3개월, 어떻게 펼쳐질까?"
34273,두 사람 중 누굴 만나야 할까?
40081,우리 커플의 미래는?
41006,☸️그리움의 마음 : 우리는 재회할 수 있을까?(3400자~)
36192,2025년 그 사람은 내 애인일까?
36946,"🌸그사람과 나, 다시 만날 수 있을까?🌸❤️‍🔥 #타로라포"
36930,우리는 바라보는 방향이 같을까? 🧭🤴🏻👸🏻#아이비스
19046,あの人から連絡がない理由は？
39594,그 사람과의 인연 그냥 추억으로 끝날까?아님 다시 이어질까?💗 #샐리타로
34317,"그 사람과 나, 다시 만날 수 있을까?"
35110,그 사람의 속마음이 뭘까?
24004,(추천할인) 2023년에 우리 사이 어떨까?
36849,짝사랑: 그 사람 진짜 마음은?
46054,[비밀링크] 2025년 신년운세 보고서
35997,[속마음] 연락 뜸한 이유와 속내
34438,요즘 날 몰래 좋아하고 있는 사람은?!
19524,2022년 상승궁 별자리 운세 (하바별타 할인전용)
35199,그 사람과 나의 관계 흐름은?
33683,"결혼하면 어떨까?: 외모, 성격, 만나는 곳"
18938,살풀이 부적
35234,나에 대한 감정과 속마음은?
34595,🌸곧 나에게 다가올 세가지 행운🌸
27284,주변 사람들이 보는 나
41270,2024년 7월 연애운+속마음
40578,그 남자는 당신과 결혼하고 싶을까?
25079,(추천할인) 내 아이의 합격운: 인생 피는 진로 풀이
35202,그 사람에게 난 도대체 뭘까?
36501,속마음: 진심과 곧 할 말은?
29950,굳게 믿던 내 편에게 발등 찍혔을 때
34602,"내 미래 애인은 연상일까, 연하일까?"
31905,나는 어떤 사람과 결혼하게 될까? | 리니
34573,그 사람에게 난 언제 특별해질까?
26189,"[썸] 너와 나, 사귀면 어떨까?💖"
49651,"늘 항상 당신이 궁금해하는 그 사람이 숨기는 본심과 의도, 그리고 욕심."
39788,부적 업셀링 트래킹용 (1500원)
39028,그 사람은 나를 좋아할까? 🌷🍷#사주타로
50608,[초반무료]7카드:그 사람 돌아올까요?#재회운#심층분석
35173,걔는 나를 연애 상대로 볼까? | 오지은
30546,🎁올해 나에게 다가오게 될 인연은?💘#샐리타로
41401,[매력] 그 사람은 나에게 어떤 매력을 느낄까?
30690,[얼리버드] 내 무의식과 진짜 모습
28169,그 사람 아직 나한테 미련 있을까? | 이미담
33604,"친구로 남을까, 연인이 될까?"
36026,그 사람 나랑 재회 마음 있을까?
48760,🙏그사람은 현재 어떤 마음일까?(2500자~)
44965,{{이름}}님이 얼마나 예쁜지 알려드릴게요.💖
34671,내게 숨긴 진심과 앞으로의 행동 변화
35596,미래 흐름: 조만간 어떤 사이가 될까?
32663,이 사람이 정말 내 운명 일까?❓💗#데아타로
35857,궁합: 그 사람과 어떤 관계가 될까?
30445,미래를 대박으로 바꿀 수 있는 비법 📕 #아이비스타로
36498,그 사람 감정과 곧 보일 행동은?
33360,나의 올가을 연애운 🍁
47441,🙏[뉴버젼]상대방에게 다른 이성이 있을까?(3000자~)🤔❤️
35604,속마음 심층운: 내게 전하려는 말은?
35694,솔탈운: 솔탈 누구와 언제 할까?
26563,그 사람 아직 나한테 미련 있을까? | 레미니씬
31833,[포토카드 4장] 그 사람의 심층 속마음
34339,"재회운, 속마음: 그 사람 내 생각 할까?"
42326,"유튜브운: 내가 유튜브하면 잘할 상인가?(1카드, 2984자) 유튜브를 한다면 어떤 게 잘 어울릴 지, 돈은 얼마나 잘 벌 지 알려드려요!"
51004,당신을 차단한 그사람의 숨은 본심과 선톡가능성
37113,이별과 재회: 그 사람 속마음
36195,그 사람이 당신에게 말하지 못한 마음을 대신 전해 드립니다.🎁#팩트폭력
31865,"운명의 그사람, 언제 내게 다가올까?🏖 #아이비스타로"
33643,나를 연애상대로 볼까?
44472,"간단🍑도화운:이성들이, 궁금한 그 사람이 처음 보고 느끼는 나의 매력?(1카드,3600자)"
26566,걔도 지금 나 보고 싶을까? | 레미니씬
36507,그 사람은 나에게 뭘 기대하고 있을까? 🌈 🦄#수월화타로
36654,심층 재회운: 다시 만날 수 있을까
35794,재회운: 그 사람 마음 변했을까?
27080,내 운명 지금 어디 있을까? | 미나상
35601,짝사랑: 속마음과 핵심 조언
33363,9월 솔로 연애운&재물운
19097,私たちの愛をもっと深めるには？
35269,"재회운: 그 사람, 아직 날 사랑할까?"
35270,그 사람과 곧 무슨 일이 생길까?
35233,연락운: 그 사람이 감춘 진짜 속마음은?
46318,"🙏그사람과 나, 앞으로 어떻게 될까?(4000자~)"
37844,"그 사람의 속마음 ❤ 미래의 인연운,크리스탈로 읽어 드립니다#크리스탈힐러레아"
21337,(트랙킹용) 2022년 하반기 운세 보고서 부적 1개
43942,새해복🧧운:앗 싸다💰새해에 내가 갖게 될 가장 큰 행운(1카드 3500자) #금전운 #2025 #2026 #2027 #신년운세 #새해복 #을사년 #연애운 #가정운 등
46319,🙏그사람의 진짜 속마음!!(3000자~)
36189,"2025년 솔탈, 누구랑 할까?"
50808,🪭타로&오방기: 나에 대한 마음은... 지금 어떻게 흐르고 있을까?
42622,내가 사랑하는 그사람이 나에게 다가오지 않는 이유(3300자~)
28172,그 사람 속마음 [심화편] | 이미담
48598,🪭타로&오방기: 조만간 내게 다가오는 뜻밖의 고백운!
38662,YES or NO 무엇이든 물어보세요!
45922,그사람의 속마음과 두사람의 미래를 알려주마
39792,(업셀링_3번위기) 내 사주의 인생 2막 언제 올까?
36657,그사람은 크리스마스에 나와 무엇을 하고 싶을까? 총 3000자 🎅🎄⛪ #타로라포
34947,소개팅 애프터 확률 100% 티키타카 연습
34967,"그 사람 마음 변화, 곧 보일 행동은?"
35035,"속마음 연락운, 내게 어떤 감정일까?"
23916,해몽 : 꿈에 나온 전연인
51697,[팩트] 그 사람이 당신을 좋아하는지 칼같은 팩트로 알려드려요 🔥🔥
36591,[추천할인] 인생 역전의 비밀: 내 사주의 주목할 운명(運命)은?
36022,그 사람이 숨긴 진짜 감정은?
37542,속마음: 그 사람 진심과 미래
26562,좋아하는 그 사람의 속마음은? | 레미니씬
24756,[협력유통] 2023년에 솔로 탈출할 수 있을까? | 유니콘타로
38035,"그사람의 속마음 그리고 재회 ""너 밖에 없어"""
36023,계속 좋아하면 어떤 관계가 될까?
34591,다시 사랑 할 수 있을까요? 그사람은 미련이 남았을까요? 🙏🏻#속마음 #재회 #아이비스타로
19297,[빼빼로데이] 2022년 월별 운세
29983,[컬렉션 뽑기 4회] D-DAY 타로: 솔로 탈출까지 며칠 남았을까? | 총몇명
30482,🎀*곧 나에게 다가올 사랑이야기* #아이비스타로
27082,좋아하는 그 사람의 속마음은? | 미나상
19030,あなたの人生を変えるキーパーソン
34144,"2025년, 그 사람 내가 갖는 법"
19028,復縁の可能性・確率は？
27153,세이렌이 전하는 짝사랑 조언
38927,짝사랑과 미래: 어떻게 될까
50674,30일 안에 벌어질 연애적 사건#변화운
38960,직장 계속 다닐까? 때려칠까? 🌭🍱#샐리타로
39790,부적 업셀링 트래킹용 (4500원)
28175,썸 어떻게 될까? | 이미담
36354,[깜짝 타임세일A] 그 사람과 나의 결혼 궁합
35433,그 사람이 보는 내 매력과 관계 흐름
34598,그사람은 나에게 어떤 인연일까요? #타로샐리
38421,"[재회운, 속마음] 그사람의 마음을 되돌리려면?🥂❣️"
35002,그 사람이 2주 안에 전할 말은?
30447,"이성이 나에게 느끼는 매력, 나에게 곧 다가올 연인은? #디오타로"
30557,짝사랑 이루어질까? | 추단비
37346,절대 말하지 않는 진심과 사정
36287,우리 관계의 문제점 진단과 처방!! 💉💊#아이비스타로
34709,우리 인연의 3개월간 흐름은 어떻게 될까?🕰️ #샐리타로
33233,블린이를 위한 네이버 블로그 기초
52093,멀어진 후에 그 사람의 속마음은? 언제 연락올까?
36288,꼭 확인해야 할!! 나에게 다가올 복운 🧧
51501,[창광_25하반기] 2개 구매자 추가 할인
35172,그 사람 속마음 [심화편] | 오지은
18842,3カード：今後の恋人のルックス・性格・職業は？
50839,"🪭타로&오방기: 다가오는 점지된 인연, 어떤 사람일까?"
38728,마음 속 그 사람과 미래 관계는
33547,그 사람과의 재회운🙏🏻🙏🏻#데아타로
28548,다음달 수입 지출 금전운 흐름 어때?
35704,속마음과 취향: 짝사랑 조언 풀이
34347,[연락운] 곧 나에게 운명적으로 다가올 인연
34321,그 사람도 정말 날 좋아할까?
46155,그 사람의 비밀스러운 속마음
37050,내게 고백을 고민하는 사람은?
48662,🪭타로&오방기: 들키고 싶지 않은 그 사람의 진짜 마음은..
36650,재회 속마음: 지금 어떤 감정일까?
36389,그 사람 행동 의미와 속마음
35363,재회운: 다시 만나면 행복할까?
34836,그 사람의 이상형은 뭘까?
19050,あの人と結婚したらどうなる？
18862,あなたをチョコレートにすると…？
33005,난 무엇을 판매해야 할까?
19038,二者択一占い
2464,외로움 테스트 - 나는 외로운가?
42624,마음을 알수 없는 그사람:그사람도 나와 같은 마음일까?(3300자~)
30002,이성이 빠져드는 나의 매력은 어떤것일까?
34053,그 사람의 속마음과 보여 줄 행동 흐름은 뭘까?
33052,[소개팅] 두근두근 소개팅💕 얼마나 성공적일까?
42328,그 사람은 어떤 스타일의 스퀸쉽을 좋아할까?🩷💛💚
36500,그 사람 진심과 연락 뜸한 이유
36982,그 사람과 어떤 사이로 발전할까?
34380,연락운 심층 풀이: 연락 언제 올까?
41731,"간단금전운💰💖 이번 달 나의 금전운은? (1글자 3500자)
 #금전운 #타로 #투자"
36584,속마음: 지금 관계 어떻게 생각할까?
39124,연애운 인간관계운 :상대방 성격 & 나와의 궁합
35695,"연락 뜸한 그 사람, 내게 어떤 마음일까"
36030,먼저 연락하면 연인으로 이어질까?
29588,(남자친구 편) 연애 싸움 확실하게 이기는 방법
33516,내 결혼 상대의 외모와 성격은?
32662,악귀 같은 인연에서 벗어날수 있을까?.👻👿😈☠️#아이비스타로
35210,너만 모르던 그 사람 진심과 속마음
34705,그 사람은 나랑 어떻게 하고 싶을까요?🤔😮‍💨 #샐리타로
25634,다음 연애 상대는?
40580,그 사람과 인연이 되려면 어떻게 해야 할까?
34674,"끝까지 숨긴 진심, 곧 보일 행동은?"
36658,궁합: 친구와 연인 그리고 배우자
44404,상대방속마음/ 미래 관계 흐름/ 조언
35600,날 원하는 사람의 특징과 외모
42822,재회: 그 사람의 이별본심 그리고 재회가능성
40906,단 하나의 소원을 이루는 주술방법 📕🙏
54009,독이되는 관계: 6카드 스프레드
28799,내 사주 속 겁재를 현대적으로 풀이하면?!
38466,연락 없는 이유와 속마음
35034,짝사랑 풀이: 내 맘 언제 알아줄까?
19014,今私に想いを寄せてる人は？
39265,내가 굳이 나서지 않아도 그 사람이 받을 벌🔥💢#샐리타로
35113,[주변 관심운] 내게 관심 있는 사람 누굴까?
30555,그 사람 속마음 [심화편] | 추단비
37118,상대방에게서 문자나 전화가 뜸해진 이유는? 🌸❤️‍🔥#타로라포
25482,나의 결혼운과 배우자운
32797,내맘을 온기로 채워줄 사랑은 언제 찾아올까?!
36326,지금 당신을 신경쓰고 있는 사람은?
28183,✨데일리 운세와 조언✨ 1장 🧚🏻‍♀️
36141,속마음과 곧 보일 행동은?
25445,그 사람도 나를 좋아할까?
34580,곧 나에게 다가올 운명의 짝 알아보기❣️#디오타로
37119,주역: 뇌택귀매(雷澤歸妹) 다시 돌아와요..💎🌷.#타로샐리
35864,감춰진 진심과 2주 안에 일어날 일
37379,"곧 만날 운명의 외모, 성격, 장소"
37544,재회운: 아직 날 잊지 못했을까?
29720,그대의 연애운에서 강점과 약점을 알려줄게요~
39791,(업셀링_3번위기) 인생 역전의 비밀: 내 사주에 주목할 운명은?
37682,연락운: 뜸한 이유와 속사정
49354,"그사람이 너에게 하고싶은 말, 속마음"
38464,"그 사람과 나, 재회 가능할까?"
35272,나는 투자를 해서 돈을 잘 벌 수 있을까?
34382,내 미래의 배우자는 어떤 사람일까?
35006,"날 좋아하는 사람, 그 사람 맞을까?"
26162,한 장으로 보는 미래의 연인 이미지
35036,곧 하게 될 그 사람의 말과 행동은?
22229,(추천할인) 내 사주의 악인(惡人): 싹을 잘라야 할 불행의 근원
51964,[팩트] 지금!! 당신이 생각하는 바로 그 사람의 속마음과 향후 마음변화.
35494,(비트윈 전용) 사주로 보는 내 타고난 결혼운
35859,지금 내게 완전 관심 있는 사람은?
24772,[협력유통] 2023년 나에게 찾아올 12가지 행운 | 하바별타
36092,속마음: 내게 얼마나 마음 있을까?
39510,나에게 관심이 있는건가요?🪂⚓ #데아타로
36024,내 결혼 상대 누굴까?
27718,걔도 지금 나 보고 싶을까? | 톡신
39619,너는 나를 좋아하는 걸까? 🌈🌻#허니비타로
28168,좋아하는 그 사람의 속마음은? | 이미담
37543,짝사랑 계속하면 미래는 어떨까?
36979,짝사랑 이대로 괜찮을까?
42061,[히든 스킬] 내 인생 황금기와 암흑기: 사주팔자 풀이
35706,[테스트 해설] 나는 매력적인 사람인가요?
55657,"🪭타로&오방기:다음 연애, 언제 어떤 사람과 시작될까?"
27084,걔는 나를 연애 상대로 볼까? | 미나상
26375,수호천사의 메시지
30018,"다음 연애 언제, 어디서 시작될까? | 융나"
29724,올여름 연애운은?
36001,나를 어떻게 생각하고 있니?🎀💍#데아타로
41863,썸타는 상대방과 이루어질 수 있을까?
26460,그 사람의 호감지수는?
34870,(굿즈 할인) 2024년 신년운세 보고서
34051,그 사람도 나와 다시 만나고 싶을까?
27641,오늘의 나를 위한 딱 한 달 타로레시피
37350,상반기 연애운 & 금전운
25530,자녀양육은 처음이라서🥲 : 자녀 성격 유형 검사
43150,썸타는 상대가 날 어떻게 생각할까? 그 사람의 진짜 속마음은?
46648,❤️2025년 전체연애운❤️
26025,(추천할인) 자녀 성공운: 20대에 연봉 1억 만드는 법
26120,(추천할인) 3개월 안에 만나게 될 소개팅 상대는?
37053,그 사람과 나의 결정된 미래는?
32970,속마음타로💙다툼운...하루가 멀다 하고 싸워요. 😣😥😔 #디오타로
26131,삶의 조언 오라클 카드 3장 뽑기
33619,짝사랑 풀이: 핵심 조언과 흐름
36188,[속마음] 감춰진 진심과 행동은?
34673,차마 말 못 한 진심과 미래 흐름
27974,당신에게 필요한 연애 조언(솔로)
49620,이때쯤 연락을 해 올꺼예요! (그 사람은 언제쯤 연락을 해올까? )
35796,끝까지 숨긴 그 사람 속마음은?
47671,"이번 시험 결과, 추가 합격 가능성"
27088,3개월 안에 애인 생길까? | 미나상
36435,[속마음] 그 사람 감정과 마음
47440,🙏그사람은 내연락을 기다리고 있을까?(3000자~) 🤔❤️
35858,날 좋아해서 곧 행동할 사람은?
30545,👑나의 전생을 알고 싶나요? #디오타로
36436,결혼운: 상대 외모와 특징은?
36000,그 사람의 진심을 세상 솔직하게 알려 드릴께요!!🍷🥂#아이비스타로
30944,왜 내 연애는 매번 망하는 걸까?
24764,(추천할인) 외로움 악순환에서 벗어나는 3가지 방법
36980,속마음과 관계 해답 풀이
34944,무례한 사람에게 대응하기 티키타카 연습
35365,관심운: 그 사람 내게 관심 있을까?
30030,먼저 연락 올 확률은? | 융나
26649,나의 운명적인 사랑은 어떨까?
26008,앞으로 좋은 사람을 만날 수 있을까?
47308,그 사람의 진짜 변심이유/ 돌아올까
55659,"🪭타로&오방기:앞으로 3주, 우리 사이에 일어날 일🔮(추가카드있음)"
40148,나는 아직도 이렇게 힘든데 SNS의 너는 잘 지내고 있나보네!! (재회)
38926,재회운: 나랑 만날 마음 있을까
45592,그 사람과 인연일까?
35861,진짜 진심과 곧 하게 될 표현은?
49717,그 사람이 철벽같은 침묵속에 숨긴 본심 그리고 당신과의 결말.
16138,반려동물 이름짓기
34691,"그 사람 심정 변화, 곧 바뀔 우리 관계는?"
37410,재회운: X의 재회 속마음
44734,"임신🍀닮음운: 이후에 만날 우리아이, 누구를 닮을까?(1카드,3600자)"
39289,나를 향한 속마음 말해줄래❤️🩷#샐리타로
38399,연락 속사정: 먼저 연락한다면
39787,"핵심 아이 진로운👼 운명에 적힌 우리 아이 적성, 특기, 직업군은?? 😄 ❤️ 조언과 가장 좋은 방향성까지 👀💘"
36847,그 사람 행동: 한 달 안에 보일 모습
40581,이별이 답인가요?
27086,다가올 인연의 외모·성격·직업은? | 미나상
38171,내 생각하고는 있니. .? 나만 네 생각하는 거니..🎠🎡.#타로하는 크리스탈힐러 레아
36259,주변에 날 맘에 둔 사람은?
35998,속마음: 꼭 알아야 할 그 사람 진심
37409,솔탈: 언제 누구와 하는 걸까?
51598,"그 사람, 날 좋아하나요?#속마음타로"
35198,그 사람 나한테 마음 있을까?
26443,💜 새로운 인연은 언제 찾아 올까요? 🔮
36434,조만간 날 좋아할 사람은?
28201,나에 대한 속마음& 연락할 생각이 있을까? ❤️
57703,그 사람도 나와 같은 마음일까?
33586,그 사람과 너의 관계흐름과 조언을 읽어줄게!
26324,호감가는 사람 공략법
36503,솔탈: 조만간 나타날 새로운 사랑
39653,그 사람의 속마음이 궁금할때마다 보는 타로
37314,🎇2024년 신년운세 완벽정리🎇 #타로라포
36519,곧 드러날 진심과 관계 변화
27116,주간운세 간단타로
46879,"누구랑 결혼하게 될까? 나와 결혼할 그 사람의 외모, 능력, MBTI, 시그널 등 5종 세트!"
42623,한 사람을 위한 마음: 상대방의 진심(3400자~)
27280,그 사람이 보는 너에 대한 속마음은?
23223,우리 사랑 깊어지려면 | 마리
36693,[짝사랑] 체크해야 할 그 사람 속마음
36255,그 사람이 고민하는 진짜 속마음
40153,2024년 4월 연애운+속마음
37313,2024년 한해 운세 (청룡靑龍해 푸른용아 높이 높이 날아라 )🐉🐲#샐리타로
36502,연락 없는 속사정과 진짜 진심
40149,언제까지 너를 바라만 봐야 할까? 그사람의 속마음 타로
36696,도무지 알 수 없던 그 사람 진심은?
34935,그 사람 행동과 우리의 관계 변화는?
37114,짝사랑 속마음: 우리 어떻게 될까?
36385,속마음: 그 사람 마음 속 감정
43680,[창광] 3개 구매자 추가 할인 (2025년 신년운세 통합본)
36981,2025년 만나게 될 내 운명은?
33642,그사람 공략법🔍이상형&취향분석
27717,선택 타로: 이 사람 계속 만나도 될까? | 톡신
50113,당신이 그 사람과 언제 재회될지 정확히 알려드려요🕰️
27716,걔는 나를 연애 상대로 볼까? | 톡신
19080,告白する、しない…迷うなら？：成功率診断
33284,💎무기력한 나에게 필요한 것은? 💎
50047,그 사람이 철저히 숨긴 본심과 그 본심이 결정한 당신과의 결말
19293,그 사람과 나의 사주궁합 (비트윈)
46120,"🪭멀어진 그 사람, 내게 어떤 마음인걸까..?"
42227,🎆망설이는 마음: 난 너를 원해(상대방 속마음)(3200자~)
35168,다가올 인연의 외모·성격·직업은? | 오지은
39026,나만 모르는 그사람의 진심은 무엇일까?❣️💗 #데아타로
37606,"[6개카드] 꼭 받아야 할, 하늘로 떠난 이의 메시지⭐🌕🌛✉️"
56218,"앞으로 3개월, 펼쳐질 연애 #월령"
46186,연애운!! 총12장!! 2025년 을사년(乙巳年) 1월부터 12월까지!!
39652,당신을 차버리기 직전까지 숨긴 마음
18898,6カード：3ヶ月以内には恋人できるかな？
34274,그 사람과 나의 3가지 심층 궁합
45065,"헤어졌지만, 그 사람도 {{이름}}님이 보고 싶대요.💕"
44145,🙏그사람의 속마음: 아프게해서 미안해요(4000자~)
26564,걔는 나를 연애 상대로 볼까? | 레미니씬
34769,그 사람은 나의 찐 인연일까?💕#샐리타로
32227,나 오늘도 하루 잘 버틸 수 있을까?
49024,그 사람 진짜 마음 -디테일버전-
35705,"2025년, 그 사람 날 좋아할까?"
32959,연상(연하)만 만나고 있는 나! 나의 운명은?📼💚🧡💜#수월화타로
23156,우리가 싸우는 이유 | 김밀구
55822,박향옥 2026 신년 리터치
41271,2024년 8월 연애운+속마음
26108,"3개월, 당신의 다섯가지 횡재운"
28176,심층 궁합: 그 사람과 사귀면 어떨까? | 이미담
41137,"🐱🐶펫타로: 지금 생활에 만족할까? 나에 대한 마음은? (1카드, 2300자) #펫타로 #캣타로 #멍타로"
27739,나와 연인이 될 사람은?
25960,우리 사이에 빨간불이 커졌어!!
35793,그 사람과 한 달 안에 생기는 변화
35218,그 사람 도대체 어떤 마음일까?
36853,2024 새해 내 연애운은?
46945,"너의 재회운, 인연운을 알려주마 🧧"
36035,나는 올해 크리스마스를 애인과 함께보낼수 있을까?🎄🎄#팩트폭격타로
54370,"간단🍑이미지운: 그 사람이 보는 나의 이미지, 끌리는 이유. 내 추구미와 맞을까?🤗 (1카드, 2700자) #도화타로 #도화살타로 #매력타로"
35266,"곧 생기는 일, 어떤 관계로 이어질까?"
43051,"건강운과 수술,시술에 관해서"
43748,🙏 인연:조만간 나에게 들이댈 사람(3000자~)
40314,지금 그 사람이 나에게 듣고 싶은 말은 어떤 것일까?속마음타로
49090,시험 취업 이대로 하면 합격?
50245,그 사람은 나와의 관계를 어디까지 발전시킬 생각일까?(7카드 선택)
25077,그 사람과 나의 연애궁합은? : 심층 애착유형 보고서
19047,今、あの人に連絡してもいい？
42821,수상하고 의문스러운 그 남자 속마음
24770,[협력유통] 2023년 나에게 찾아올 12가지 행운 | 유니콘타로
50280,"🪭타로&오방기: 그 사람, 나에게 진심이었을까.."
34553,💕우리 다시 시작할 수 있을까?💕 #아이비스타로
23945,mbti로 나랑 맞는 취미 알아봐-찍
42231,나는 외국인 애인과 궁합이 잘 맞을까요?
39655,나에대한 마음은 사랑인가요?
29822,[컬렉션 뽑기 4회] D-DAY 타로: 솔로 탈출까지 며칠 남았을까? | 람다람
51433,🪭타로&오방기: 그 사람의 말과 행동 뒤에 숨겨진 의도는 무엇일까?
47473,앞으로 6개월간 운세 흐름은?(7카드선택)
24410,감정 카드: 색으로 보는 내 썸의 유형은?
52225,"그 사람의 애매한 태도, 진심일까? 선 긋는 걸까?"
51968,[팩폭] 나를 안볼때 그 사람이 하는 비밀 생각과 본심.
48595,🪭타로&오방기: 그 사람이 내게 숨기는 비밀 속마음
50740,당신과 깨진 후 그 사람의 숨은 본심과 현재 근황을 알려드려요.
50080,그 사람이 연락하지 않는 진짜 속마음과 이유
37875,그 사람이 그대에게 아직 못다한 이야기🌹💍#샐리타로
35174,썸 어떻게 될까? | 오지은
40940,속마음 타로: 겉으로 보이는 그 모습이 진짜는 아니지?
34056,"그 사람의 감정과 언제, 어떤 관계로 변화될까?"
51136,[팩폭] 그 사람이 지금 결심한 당신에 대한 마음과 결론 🔥🔥
41995,6개월 총운 미리보기_금전_애정_일운학업_건강_행운조언
37115,🎄열정적으로 나에게 다가올 사랑🌸❤️‍🔥 #타로라포
35865,결혼운 풀이: 상대 외모와 성격은?
28173,걔도 지금 나 보고 싶을까? | 이미담
35594,그 사람 내게 어떤 마음일까?
35216,관계 변화: 곧 생기는 일은?
30020,걔는 나를 연애 상대로 볼까? | 융나
52423,[타로예언]곧 찾아올 새로운 사랑
26432,이번주 나의 우울감을 낮춰줄 방법🤗
54073,"그사람, 나에 대한 진심은 어느 정도일까? #월하"
39654,유독 당신에게 플러팅하는 그 남자 속 마음
37088,새롭게 시작될 2024년도 나에게 생길 좋은 일은?🐉🐲#데아타로
25752,내 성공의 속도를 올리려면 꼭 해보세요
24003,(추천할인) 2023년에 솔로 탈출할 수 있을까?
54469,"🪭타로&오방기: 우리의 인연, 이 사랑의 결말은..."
40675,"{{시스템_지금몇년}}년, {{이름}}님에게 다가올 인연"
39793,(업셀링_3번위기) 사주로 보는 적령기: 지금 따르는 길운은?
35204,"날 좋아하는 사람, 그 사람 맞을까?"
50809,"🪭타로&오방기: 나만 짙어진 감정일까, 그 사람은 내 마음 눈치 챘을까?"
27081,"다음 연애 언제, 어디서 시작될까? | 미나상"
33554,2025년은 그 사람과 어떨까?
31907,이별 실감: 우리가 헤어진 진짜 이유 | 리니
19104,片思い…続ける？やめる？
30095,나는 어떤 사람과 맞을까?
39356,💌곧 생길 좋은 변화 🎉🎉🎊#타로라포
33651,절대 사기 당하지 않는 부동산 계약 필승법
38169,답답한 내 인생의 전환점이 되는 사건🍷🍾🍸 #샐리타로
37116,그 사람의 시선은 어딜 보고 있는 걸까? #아이비스
36659,날 마음에 둔 사람은 누굴까?
36585,재회운: 날 얼마나 생각할까?
35435,그 사람이 전하고 싶은 마음과 행동
18982,내 사주 오행에 어울리는 향수는?
36692,속마음과 관계: 어떤 사이가 될까?
36430,겉으로 표현 못하는 진심은?
35797,나만 모르는 그 사람 진심은?
40017,나의 주변에 내게 관심있는 사람은?
37941,우리의 재회 가능성은 얼마나 될까
37547,2024년 갑진년!!! 신년운세
50410,"연애궁합운💘👼 너랑 나랑 연애하면 어떨 것 같아? 😀🍑(3카드, 8800자) #연애타로 #궁합타로 #연애궁합타로 #궁합 #궁합운 #라망타로"
32104,그 사람 속마음 [심화편] | 이승현
18857,3カード：この片思い、叶うかな？
37148,"2024년, 나에게 다가올 운명적 사랑과 시기!"
30556,3개월 안에 다시 만날 수 있을까? | 추단비
24767,[협력유통] 2023년 나에게 찾아올 12가지 행운 | 타로아브니
24641,"찾았다, 내 감정: 랜덤으로 뽑는 오늘의 감정카드"
41236,[적중 100%] 나이대별 나에게 다가 올 신의 기운은?
35990,신년: 2025년 그 사람과의 관계
36521,"그 사람, 내 솔탈 상대 맞을까?"
19070,私の気持ちに気づいてるかな？
33245,"전월세 계약 ""이것""만은 꼭 체크하기"
36431,속마음: 미래 흐름과 관계 변화
44141,조상님이 그대만을 위하여 주는 선물 🎀🎁
46913,"그 사람은 왜 지금까지 연락을 안 했을까? 깨진 썸, 전 애인"
24650,"(추천 할인) 꼬리에 꼬리를 무는 생각, 이젠 그만"
36928,연락의 속사정: 진짜 속마음
19295,타고난 결혼운 + 내 운명의 상대 (비트윈)
34060,그 사람은 나를 좋아할까? 앞으로 관계는?
32982,이별 극복을 위한 특급처방
34068,"그 사람, 나를 어떻게 생각할까?"
33606,100%먹히는 플러팅 비법
53116,그 사람 뼛속까지 궁금한 속마음(6개카드)
50281,🪭타로&오방기: 나에게 곧 설레임으로 다가올 사람은?
50179,그 사람의 진짜모습!!(4000자 이상)
46748,이 직장에서 좀 버틸까요?
25979,자존감 오라클 카드 3장 뽑기
25970,나와 벚꽃놀이 데이트를 할 사람은..?!
18667,우리의 연애성향 궁합은?
52357,그 사람 의외의 속마음
44701,11월 12월 나에게 생길 일
39620,우리 전생의 비밀과 카르마 ☸️🪷#허니비타로
35602,도대체 미래에 어떤 사이일까?
32690,【ポカ3枚】ついに出会う運命の人
50278,🪭타로&오방기: 지친 내 사랑의 결말은..
35280,반지훈 레벨2-10_할인결제
34770,나를 마음에 둔 그 사람은? 누구? 🤴🏻👸🏻(속마음)#아이비스타로
27722,썸 어떻게 될까? | 톡신
51730,[애정부] 주술과 부적으로 그사람이 나를 사랑하게 만든다 🧧
28170,걔는 나를 연애 상대로 볼까? | 이미담
39587,재회운: 그 사람과 재회할 운명일까
40019,그 사람이 가진 재회에 대한 생각은?
34694,"그 사람과 친구, 연인 어떤 사이가 될까"
18987,오늘은 내가 주인공 20화
47209,환승이별한 그 사람... 미안해할까? 나에게 돌아올까?
47804,🙏상대방의 메세지(위험한 우리 사랑)
39521,☸️돌고돌아 만나게 될 나의 운명(3300자 이상)❤️🤔 #타로라포
30320,[프로모션] 내 아이는 출세할 사주일까? + 그 사람 사주풀이
50146,오늘 하루종일 당신이 생각한 그 사람의 속마음과 의도
40018,그 사람과의 미래와 관계: 어떻게 될까
44142,🙏알고싶어요:그사람 마음속에 내가 얼마나 있을까? (3400자~)
42659,이 사람과 동업을 같이 해도 될까요?
36257,"그 사람이 숨긴 표현, 곧 할 행동은?"
36039,"일주일간의 일, 연애, 금전의 흐름을 알려줄께! (일주일 운세)"
29823,[컬렉션 뽑기 4회] 이별 실감: 우리가 헤어진 진짜 이유 | 람다람
18942,슬픈일이 있으면 나에게 말해봐
36094,[속마음] 날 어떤 감정으로 대할까?
35693,너는 왜 그런 행동을 하는거니?🍁#샐리타로
26181,그 사람에게 딱 맞는 선물
34773,뭐가 문제일까? 썸 그만타고 연애 하고싶어! ❤️❣️💗 #데아타로
37541,재회 속마음: 재회하는 게 맞을까?
33268,퇴사하기 전 꼭 생각해야 할 것
32693,우리가 이별해야 했던 진짜 이유
37348,그 사람이 한 달 안에 할 플러팅은?
32110,심층 궁합: 그 사람과 사귀면 어떨까? | 이승현
24710,2023 나에게 필요한 마음가짐
18949,오늘의 짤출석 GIF 포토 카드
36352,"그 사람 만날까, 말까... 만나도 괜찮을까"
35395,나의 힘든 운명을 바꿀 수 있는 팁!!💡💡#샐리타로
36089,솔탈 얼마나 남았을까?
2143,오늘의 솔로 연애운
42229,🙏상대방에게 그대는 어떤 의미일까?(2800자~)
35866,그 사람의 결정적 행동 3가지
40345,[할인!] 오늘의 타로카드 운세
41303,7월의 재회 확률 : __%
34772,뭐지? 갑자기 신경 쓰이고...설레...💓💓(썸 가능?) #데아타로
55592,그 사람도 나를 좋아할까? #월령타로
54471,🪭타로&오방기: 그 사람도 같은 마음일까?
54107,진짜 내 사람... 언제쯤 만나게 될까?🤔 #월령
53908,"🪭타로&오방기: 다가오는 인연, 그 사람이 가진 진짜 모습"
51796,너랑 나는 예전으로 돌아갈 수 있을까?
38468,그 사람과 어떻게 될까: 미래 풀이
55660,🪭타로&오방기: 지금 그 사람의 마음은🌙나를 향한 감정의 움직임(추가카드있음)
36929,날 좋아하는 게 맞을까? 운명 특징
34576,그 사람은 나의 어떤 모습을 좋아할까?
38697,"끝이 다가오는 것 같은 우리관계, 희망이 있을까요?🪄☀️#팩트폭격타로"
29794,앞으로 그 일이 어떻게 될까?
19063,連絡がこない理由 ＋ 連絡してもいい？
53813,"🪭타로&오방기: 내 가장 예쁜 시간들에 함께했던 너, 그 안에 담긴 마음"
31610,나의 다음 사랑은 어떨까?
29826,[컬렉션 뽑기 3회] 좋아하는 그 사람의 속마음은? | 람다람
38200,속마음: 대체 어떤 마음일까
32462,이번 달 내게 반드시 찾아올 행운
22361,[CRM 히든] 타고난 부
35114,곧 생기는 일과 3개월 뒤 관계는?
19044,私たちは長続きする？
39261,"짝사랑 잘 풀릴까, 그 사람 마음 풀이"
37843,너에게 난 나에게 넌🌈🦄#샐리타로
34740,곧 내게 다가올 행운
29986,[컬렉션 뽑기 4회] 선택 타로: 이 사람 계속 만나도 될까? | 총몇명
18951,달달한 보이스 채팅 - 연서
36289,아직 못다한 이야기... 🎠🎥#디오타로
44800,🐍2025년 🐍신년운세_총운_미리보기_금전_애정_일운_건강_조언
26521,[사전 예약] 또 나만 진심일까?
39984,심쿵! 지금 당신 앞에 등장한 이성은 누구?
45229,💌 헤어진 그 사람의 속마음/연락운/재회 가능성 💌
35167,그 사람 아직 나한테 미련 있을까? | 오지은
18763,고백 성공률 진단 + 고백 잘 하는 법
51434,"🪭타로&오방기: 지금 내 곁에, 나를 바라보는 눈빛이 있을까?"
50873,"🪭타로&오방기: 다음 인연, 나와 반드시 이어질 그 사람은 누구일까?"
49585,🙏상대방이 보내는 메세지 3가지(2800자~)
47011,우리 관계 어디까지일까? (7카드 선택)
46121,"🪭그 사람의 예전 속마음, 현재 속마음"
37017,🥃 X의 속마음을 3단계로 낱낱이 파헤쳐줄게 🥃
36091,"재회 할까, 친구로 남을까?"
50872,🪭타로&오방기: 그 사람도 나처럼 망설이고 있을까?
37103,2024년 내가 만나야 하는 사람은?
29828,[컬렉션 뽑기 2회] 먼저 연락 올 확률은? | 람다람
44768,🙏현재 이순간 상대방의 속마음(2200~) 🤔❤️
30155,[고민 해결] 타로 카드 한줄 솔루션
27194,[협력유통] 심층 궁합: 그 사람과 사귀면 어떨까? | 타로즈
26461,그 사람과 가까워 지려면?
34936,"그 사람, 나한테 마음 있을까?"
37111,곧 내 앞에 보일 그 사람 행동
26492,[타로 독심술] IF 그 분과 상상연애를 한다면?
36388,2025년 그 사람과 특별한 사이일까?
36090,[관계운] 어떤 사이가 될까?
35992,2025년 그 사람도 날 좋아할까?
50807,"🪭타로&오방기: 그 사람의 모든 감정, 차마 내게 전하지 못한 말"
47836,너의 찐 속마음은 무엇일까?
39025,기다리면 연락이 올까?🧸🪅#데아타로
30024,그 사람 아직 나한테 미련 있을까? | 융나
51400,"🪭타로&오방기: 점점 차가워진 그 사람의 마음속, 진짜 감정은 무엇일까?"
46417,"한 달 간 나의 연애운은? 좋은 사건, 주의해야 할 사건이 궁금해"
34115,[올인원 패키지] 백점 만점 집사되기
31901,짝사랑 이루어질까? | 리니
46021,🪭그 사람의 현재 속마음은?
35436,"그 사람과 나, 어떤 일이 생길까"
19313,[수능 프로모션] 2022년 솔로탈출시기
19308,[지그재그] 2022년 솔로탈출시기
28808,ENTP 유혹하기: ENTP 필승 공략법 [2단계]
18936,스킬상세 미리보기용
18899,멘탈케어 영상 고르기
49750,그 사람의 철저한 침묵뒤의 숨은 본심과 이미 결정한 당신과의 결말
38929,연락 언제 올까: 연락운 풀이
43381,나의 결혼운 알아보기
40313,나도 연애 하고 싶어
23158,화 풀어주는 법 | 김밀구
18145,날 좋아하면 왜 싫어질까?
50806,"🪭타로&오방기: 그 사람 마음 어딘가엔, 아직도 내 흔적.. 남아 있을까?"
52192,"이번 이별은 진짜일까, 또 반복일까?💗💔❤️‍🩹💕💥"
39290,조만간 잘 될일의 소식이 궁금해!!!🎊🎉#타로하는 크리스탈힐러 레아
37243,관계운: 2025년 그 사람과 어떨까
35011,우리는 사랑일까?집착일까...?💗🤎#아이비스타로
35895,크리스마스에 다가올 인연과 사랑!!🎄🎅🏻#디오타로
42723,나에게 잘해주는 너 날 좋아해서 그러는거야? 아님 다른 이성한테도 잘해주는거니?
49618,나에게 다가오는 사랑!! (3개월안에 다가오는 인연)
25774,당신에게 꼭 필요한 행운을 불러옵니다
33229,블로그 수익화 백과사전 Q&A 전자책
43745,🙏곧 내가 경험할 연애사건(3000자이상~)
39789,부적 업셀링 트래킹용 (3000원)
35603,나의 솔탈 상대는 누구일까?
35431,내게 관심있는 사람의 특징은?
31210,내가 키우기 좋은 애완동물은 뭘까?
28387,그 사람의 진심 -재회 편-
18810,썸 추진력 테스트
51963,[팩폭] 나를 무참히 상처준 그 사람이 받게될 벌.
41269,2024년 6월 연애운+속마음
56251,신년 타로: 10카드
38532,너 돌아올 마음은 있는거니?🛤️🩹#샐리타로
34318,나의 퍼스널 매력과 이상형은?
56284,나의 진짜 인연은 어디에서 뭐 하고 있을까?
55658,🪭타로&오방기: 그 사람 마음속에 내 자리
35131,소름돋는 11월 솔로 연애&재물운
52588,곧 나를 찾아올 희소식은?
35171,나는 앞으로 몇 번 더 연애할 수 있을까? | 오지은
34406,그 사람의 이상형은 어떻게 될까?
28369,[결혼고민 프로모션] 그 사람과 나의 속궁합
40380,붉은 실로 연결된 나의 운명적인 인연.홍연
31835,[포토카드 2장] 단호한 선택타로 - A vs B
54667,"🪭타로&오방기: 지금 나를 바라보는 눈길, 운명의 인연일까"
38413,나에게 따스한 봄날을 안겨줄 찐인연이 오는 시기!
34112,내 연애 성향 진단: 나와 잘 맞는 사람은?
39588,운명처럼 다가올 미래 애인은?
39060,"그 남자랑 싸웠는데,헤어지자고 했어요. 진심일까요? 🦄🎀#팩트폭격타로"
38400,그와 나의 관계: 미래에 어떤 사이
25363,부모가 처음이라서 🥲 : 양육 유형 검사
26399,[사전 예약] S전자VS네카라 나는 어디에 더 맞는 사주일까?
54602,"그 사람 마음, 언제쯤 나를 향해 또렷해질까?"
42130,[펫타로] 천사가 된 반려동물이 천국에서 전하는 안부 인사
34394,[협력유통] 2024년 커플 관계 보고서 | 타로아브니
42658,사랑했던 사람이여 나를 잊었나
42625,알고싶어요:상대방은 나를 얼마나 사랑할까?(3000자~)
40643,연락이 잘 안되는 진짜 이유는 무엇일까?
36037,날 사랑하긴 해?💍💎 #디오타로
34335,올가을 직장운 궁금해!
38203,[추천할인] 그 운명의 러브 판타지
18812,동물로 알아보는 연애 유형 테스트
46549,상반기 연애운 궁금하다면?!
40972,이 직장에서 잘 적응하기 위한 !!꿀팁!!
35597,행동 흐름: 곧 어떤 행동을 보일까?
34322,우리는 결국 어떤 사이가 될까?
48694,너의 찐 속마음은 무엇일까?
46780,지금 이 순간 나에 대해 어떻게 생각하는것일까?
45691,🙏꼭 확인해야 할 그사람의 메세지(2500자~)
44074,이 인간 때문에 직장 그만 두고 싶은데.🔥🔥
36499,지금 날 마음에 둔 사람은?
37376,짝사랑의 미래는 어떨까?
35702,"2025년, 그 사람도 날 좋아할까?"
33356,너는 어떤 사람이니?
35217,"그 사람이 보는 나, 앞으로 관계는?"
36590,[추천할인] 절대로 결혼하면 안 되는 사람은?
28400,마음을 비우는 3가지 방법
50840,🪭타로&오방기: 그 사람도 문득 나를 떠올릴까?
27740,매일이 궁금한 오늘의 운세!
19055,あの人が私に望む姿は？
54012,독이되는 관계: 9카드 스프레드
18743,連絡キット：連絡が取れない理由＋連絡してもいい？
39062,"비밀스러운 이 관계, 계속될 수 있을까요?"
25970,확률로 보는 나와 벚꽃놀이 데이트를 할 사람은..?!
47176,상대방 지금 상황 그리고 연인이 있을까?
35364,속마음 그리고 내게 할 행동은?
34688,"날 좋아하는 사람, 그 사람 맞을까?"
57637,결론 12월 나에게 다가올 운명!
47803,"🙏멀어진 그후, 상대방의 속마음(3000자~) 🤔❤️"
30560,심층 궁합: 그 사람과 사귀면 어떨까? | 추단비
49783,1주안에 그 사람이 반드시 저지를 일
37347,곧 찾아올 내 운명은 누구일까?
40411,간단-결혼복운👰‍♀️💍 : 결혼을 통해 내가 궁극적으로 얻게될 복은 무엇일까? 그로인한 나의 만족감과 행복까지(1카드 2500자)
26486,[사전 예약] 내 사주의 색욕은 어떨까?
51103,앞으로 3개월 운의 흐름(다섯개 카드선택)
37054,"2024년, 성공이 나에게 다가오게 하는 마법, 황금비책 黃金秘策"
40776,재회 타로: 이젠 안녕...!
25139,"(추천할인, 미노출) 연애능력 보고서"
26116,과거 내 연애의 문제점은 무엇이었을까?
18737,星座でわかる！あなたの性格分析
49123,합격 가능성 두근두근 점쳐보자
38930,재회운 풀이: 그 사람 마음과 미래
38695,우리 이렇게 끝내야만 했을까?👗💋#샐리타로
30029,2023년에 솔로 탈출할 수 있을까? | 융나
29985,[컬렉션 뽑기 4회] 내 운명 지금 어디 있을까? | 총몇명
27087,2023년에 솔로 탈출할 수 있을까? | 미나상
24649,(추천 할인) 뇌과학이 알려주는 90초 감정 해소법
2463,바람기 테스트 - 네 마음은 갈대?
18953,달달한 보이스 채팅 - 추가 듣기
40381,지금 그사람과 계속 만나도 괜찮을까?(6300자이상)
37286,그 사람 나에게 호감있을까?
26118,"🍒 헤어진 그 사람과 나, 재회할 수 있을까?🍒"
37683,3개월 후 두 사람의 관계 풀이
37507,2024년 내 운이 어떨까?
38401,3개월 안에 일어날 사건과 행동
32664,내 연애 세포를 깨워줄 사람의 모습이 어떨까?
32372,두근두근 소개팅 어떻게 될까?
37412,🎇2024년 나의 🐲갑진년🐲엔 어떤 일들이 있게 될까?🎇 #수월화타로
19425,[크리스마스 푸시 전용] 2022년 놓치면 안 될 3번의 기회
29824,[컬렉션 뽑기 4회] 내 운명 지금 어디 있을까? | 람다람
31902,심층 궁합: 그 사람과 사귀면 어떨까? | 리니
36666,2023 크리스마스 메시지존
34948,[테스트] 나의 플러팅 능력 테스트 하기
45331,올해가 지나가기 전에 반드시 받게 될 !!복!!🧧
44143,🙏보랏빛 향기: 그사람이 나에게 원하는 것(3000자~)
44140,그 사람의 너에 대한 깊은 마음 알려줄까?
34708,자꾸 엮이는 그 사람과 내가 인연!!??🫦 #디오타로
27181,[협력유통] D-DAY 타로: 솔로 탈출까지 며칠 남았을까? | 타로아
38465,그 사람의 행동 3가지
55624,"🪭타로&오방기:오늘 그 사람, 내 생각 하고 있을까🤍(추가카드有)"
53050,그 사람이 나에게 꼭꼭 숨기고 싶은 마음
57044,NEW!! 2026년 신년연애운
26109,사랑하는 그 사람과 오래만나기 위해서는?
46285,"<간단버전> 그 사람, 날 염탐하고 있을까?"
37051,재회: 그 사람과 나의 미래는?
36655,곧 어떤 행동으로 날 설레게 할까?
36653,그 사람과 3개월 뒤 연인일까?
35215,그 사람과 결국 연인이 될까?
57274,나의 합격운 합격가능성
29753,목소리 큰 사람 이기는 실전 말하기
45988,"싸운 후 애인의 속마음, 내게 바라는 것, 사과나 연락을 먼저할지 3종"
40155,5월의 재회 확률 : __%
32978,<팔리는 광고 디자인> 평생 소장 전자책
30558,좋아하는 그 사람의 속마음은? | 추단비
37938,재회와 속마음: 우리의 미래
35205,"그 사람, 날 보면 무슨 생각일까?"
24765,(추천할인) 아무리 쉬어도 2% 부족한 이유는?
36656,놓치면 후회할 주변 사람은?
36586,결혼운: 어디서 어떻게 만날까
36520,그 사람 행동 의미와 속마음 풀이
36260,우주의 메시지
36031,솔탈: 어떤 사람이 솔탈 상대일까?
35792,곧 내게 어떤 표현과 행동을 할까?
35004,미래운: 그 사람과 무슨 사이일까?
35799,대체 내게 어떤 생각일까?
39162,[연락운] 그사람에게 연락이 올까? 내가 연락할까?
35211,그 사람과 결국 어떤 사이가 될까?
53281,"잔인하지만, 그게 지금 그 사람의 진심이야"
34059,그 사람에게 나는 어떤 존재일까?
19078,同い年vs年上vs年下
37344,궁합: 그 사람과 어떤 관계가 좋을까
36038,애정 관계의 해법을 알려 드립니다! .💗📖#아이비스타로
57043,NEW!! 2026년 신년운세
53446,"가깝지도 멀지도 않은 너, 답답한 침묵속 너의 속마음은?"
52456,나에게 연락 못하는 이유🌕
51862,"못 잊어, 널 어떻게 잊어..."
51334,🪭타로&오방기: 그 사람은 이 관계의 끝을 어떻게 생각하고 있을까? [속마음]
50212,紅緣(홍연)
48133,주역(周易)기반 타로카드: 그 사람의 나에대한 마음은 어느 정도일까 (일곱개 7카드 선택)
48067,이번 소개팅 분위기와 결과는? (일곱개 7카드 선택)
45496,그 사람의 마음속 진심
34581,Who's My Best Match in Bed? ❤️‍🔥
49420,나를 사랑하게 만드는 주술과 부적
37049,2주 안에 나타날 내 운명은?
49156,다시 시작? 재회운
23973,자바스크립트 능력치 테스트
37940,재회하면 예전처럼 될까?
27418,그 사람과 가까워지려면?
33553,(재회운) 아직... 내가 그리운가요?🫶🏻 #아이비스타로
29831,[컬렉션 뽑기 1회] 그 사람이 연락을 안 하는 이유 | 람다람
36695,재회 고민과 미래: 그 사람 감정
46122,"🪭지금, 내 생각에 가슴 뛰는 사람은!!"
36587,애인운: 곧 어떤 사람을 만날까?
53380,"그 사람과 나, 앞으로 우린 어떤 사이가 되어갈까요?"
23746,[사전 예약] 너도 내가 보고 싶을까?
48663,"🪭타로&오방기: 헤어진 그 사람, 기억 속에 나는 어떤 사람일까..?"
26153,당신이 솔로인 이유
18896,{{名前}}の2021新年運勢
36027,날 몰래 좋아하는 그 사람은?
42193,속마음 타로: 그 해 너의 진심은 뭐였을까. . 변명이라도 해줄래?
39590,재회 운명: 다시 사귈 수 있을까
38240,곧 당신이 만날 운명의 상대🌠🌠#타로하는 크리스탈힐러 레아
38239,결국 맺어지게 될 당신의 연분. . 👸🤴#타로하는 크리스탈힐러 레아
57340,"연락없는 그 사람, 결국 나에게 돌아올까?"
51532,기다리는 소식 언제 올까?[즉문즉답]
50905,너와 다시 만나야 할까?#재회운
50279,🪭타로&오방기: 나는 그 사람을 왜 놓을수 없는걸까...?
46219,금전성공운!! 총12장!! 2025년 을사년(乙巳年) 1월부터 12월까지!!
42490,나에게 맞는 연애스타일은 어떤 걸까?
32109,"다음 연애 언제, 어디서 시작될까? | 이승현"
32105,이번 달엔 짝사랑 끝낼 수 있을까? | 이승현
28809,ENTP 유혹하기: ENTP 필승 공략법 [3단계]
28551,"헤어졌어, 이별후 내게 필요한 한마디"
2148,오늘의 이별·재회운
26161,3개월 동안 일어날 일 (3개월 운기 / 직업운 / 좋은소식)
19009,조선혼인금지령
18806,핵심능력 테스트
25072,마녀혜자의 마법상담소
30122,행운의 돌멩이
37015,12월 나에게 생길 좋은일💸 ☀️💋#샐리타로
26527,[사전 예약] 내가 보는 나 VS 남이 보는 나: 인기 타로
35830,[할인] 나는 매력적인 사람인가요? 테스트 해설
31906,그 사람 아직 나한테 미련 있을까? | 리니
57111,[창광_26신년] 3개 구매자 추가 할인
45692,🙏나에게 일어날 대박 연애사건(2500자~)
30412,사주로 보는 이별 극복법 : 월령별 상실감
45262,12월에 어떤 일이 생길까?
31904,다가올 인연의 외모·성격·직업은? | 리니
28807,ENTP 유혹하기: ENTP 필승 공략법 [1단계]
43317,해몽테스트_2단계결제_A
32108,좋아하는 그 사람의 속마음은? | 이승현
33641,"내 운명의 짝은 언제, 어떻게 나타날까?!"
39259,재회 마음: 예전처럼 될까?
32150,[3 Photocards] Where's My Soulmate?
51369,7 카드 🩷 내게도 사랑이 올까요??
30554,먼저 연락 올 확률은? | 추단비
30026,다가올 인연의 외모·성격·직업은? | 융나
51969,[팩트] 그 사람이 당신에게 보인 가짜 겉마음 그리고 숨긴 진짜 본심.
19052,どう見られてる？私の第一印象
43421,그 사람이 수상하다. 🛖🔬
42853,나도 모르게 좋아진 썸남. 저와 잘 될까요?
42163,[펫타로] {{이름}}님의 반려동물이 이따만큼 좋아한대요!
39982,속마음타로: 그 사람의 연애 트라우마???
39820,왜 카톡을 보내면 빨리 안 보는거야?
37377,행동 풀이: 진심은 뭘까?
37249,"드디어 드러나는 그 사람의 ""진심""🎪#아이비스타로"
36190,3개월 안에 보일 행동과 마음
35697,그 사람의 감정과 곧 생기는 일
35207,"그 사람과 나, 곧 어떻게 될까?"
34966,그 사람 내게 무슨 감정일까?
22594,(추천할인) 사주로 보는 내 결혼 상대는?
34696,👌🧡믿어도 될 만한 사람일까? #수월화타로
51235,그사람과 나는 어떤 전생일까? 그리고 현재는? 🌟⭐
41304,8월의 재회 확률 : __%
37545,운명 풀이: 내 이상형은 누구일까
19064,もし別れたらどうなる？
19061,나의 소울에이지는 몇살? (7.3~7.10생일)
18748,相手と私の前世関係
47341,[특별할인] 이번 달 임신 확률은?
36848,2025년 그 사람과의 관계 거리는?
36595,[사전 예약] 3개 구매자 추가 할인
36324,"그 사람 행동, 곧 생기는 일은?"
35208,그 사람 내게 원하는 게 뭘까?
40941,나에게 다가오는 잘 될일&그 징조
35699,"솔탈 상대, 어떤 사람일까?"
29525,(미노출) 수다 떨기 결제용
36694,솔탈: 곧 나타날 애인은?
33244,정해진 예산 안에서 베스트 매물을 발견하기
36029,[재회운] 재회하면 다시 행복할까?
36518,그 사람과 난 어떤 관계가 맞을까?
55954,너도 우리 사이가 애매하단 걸 알고 있겠지?(추가 카드있음)
54766,"🪭타로&오방기: 다가가고 싶은 마음, 나만 그런 걸까?"
53842,"🪭타로&오방기: 그 사람 마음속, 아직 끝나지 않은 감정이 있다면"
52753,미래의 배우자-인생 배필
46912,그 커플... 3개월 안으로 헤어질까?
37247,곧 표현할 그 사람 진짜 마음은?
29801,6월의 나의 운은?
38398,그 사람과 나는 어떤 사이가 어울릴까?
32367,3년 커리어로 CEO 되는 법
32986,모든 직장인을 위한 <비즈니스 문서 PPT 템플릿 3종>
36322,속마음: 결코 말하지 않는 진심은?
32102,다가올 인연의 외모·성격·직업은? | 이승현
48364,🙄 그 사람이 나에게 다가오지 못하는 이유는 🤷‍♂️
55591,"재회, 가능할까🌙 #월령타로"
55327,"우리관계,여기서 더 발전될 수 있을까요? #월하타로"
38102,솔탈 운명 누구와 할까?
19054,どうして恋愛ができないの？
33002,온라인 창업은 어디서 시작할까요?
55395,[연속 할인] 2026년 신년운세 보고서
42523,전생 이야기_당신의 전생교훈과 현생조언
39333,(업셀링_인생역전) 사주로 보는 투자 전략과 포트폴리오
34342,[협력유통] 2024년 솔로 탈출 보고서 | 타로아브니
30553,나는 앞으로 몇 번 더 연애할 수 있을까? | 추단비
30552,내 운명 지금 어디 있을까? | 추단비
24802,마법문자를 통한 금전운 올리기
16230,그 사람 사주풀이 + 그 사람과 나의 사주궁합
33351,2023년 하반기 솔로 탈출 시기 (오늘만 할인)
55987,나에게 보여줄 진심은 있기는 한 걸까?(추가 카드있음)
50971,타로예언🔮다음 주 나의 연애운은?
31831,[포토카드 2장] 짝사랑과 잘 될 수 있을까?
34689,그 사람도 날 좋아할까?
31899,내 운명 지금 어디 있을까? | 리니
55888,천명(天命)과 내가 풀게 될 카르마 #월하타로
53149,지금 너는 무슨 생각하니?(5개카드)
52984,우리가 정말 사랑했을까?
52126,그 사람 마음에 내가 스며든 순간은 언제였을까?
51994,절대 돌아오지 않을 걸 알지만.. 자꾸만 기다리게 되는 마음
51961,[팩트] 당신이 먼저 고백한 그 사람의 속마음과 향후 마음 변화
51928,나만 깊어지고 있는 건 아닐까...?
49619,재회... 원해?
48100,찬구에서 연인으로 가능할까? (일곱개 7카드 선택)
47869,너를 그냥 바라만 보는게 너무 힘들어(다섯개 카드 선택)
46978,💜그 사람이 나에게 궁금해하는 것💜 (7카드 선택)
45430,전생과 현생의 내가 궁금해
42725,타로카드가 들려주는 당신과 그 사람의 전생이야기
18767,WPTI - 와인 맛 성격 테스트
48761,"🙏다시 만난 우리, 앞으로의 관계(2500자~)"
18858,恋人ができるタイミング
48596,"🪭타로&오방기: 나와 이별후 그 사람, 어떻게 지내고 있을까?"
52918,도대체 왜 잊혀지지 않는 걸까요? 기다릴까요?
37575,🐲2024년🐉 나의 인연 알아보는 법❗#허니비타로
51972,[팩폭] 당신을 떠난 그 사람이 끝까지 말하지 못한 속마음을 대신 말해드립니다.
51664,[팩폭] 당신과 재회를 원하는 전 연인의 숨은 본심과 비밀 🔥🔥
45328,2개월 후 내가 반드시 성공할 일의 예언
32988,빛나는 내 이력 <포트폴리오 PPT 템플릿 3종>
56252,신년 타로: 13카드
45295,[특별할인] [학부모 필독 사주] 내 아이의 재능과 운명
29988,[컬렉션 뽑기 2회] 걔는 나를 연애 상대로 볼까? | 총몇명
19035,今別れた方がいい？
52390,네가 그리워질 때🌠
40150,속마음 타로: 다시 만나자는 그 남자의 진짜 본심
19026,あの人の浮気度
48628,🪭타로&오방기: 우리가 다시 사랑하게 된다면..타로&오방기
35397,그 사람과 사랑을 이루기 위한 방법!! 🍁🌹🌈 #아이비스
34585,[할인] 난 무엇을 판매해야 할까?
57472,너랑 나' 우리 결혼하게 될까? 💍
49922,연애 무물 타로: 13카드 스프레드
43746,🙏그사람과 나:우리는 사랑일까요?(4000자~)
43548,나의 하반기 연애운과 금전운이 궁금해요!
43022,🙏나와는 다른 성향의 : 운명의 짝은 어떤 사람일까?(3000자~)
42823,2024년 하반기 금전운과 금전운 향상을 위한 비책!
42161,"[펫타로] 그리운 나의 반려동물, 천국에서 잘 지내고 있을까요?"
39291,왜(WHY)!! 내 사랑만 아픈가요..🧵🪓#타로하는 크리스탈힐러 레아
38233,내가 아플 때 반창고 붙여줄 그 사람은?🩹🤴👸#샐리타로
38139,원래부터 내사랑!!🌹💍 #데아타로
37942,Palmistry: What Will My Marriage Be Like?
35001,"관계운 풀이, 그 사람과 어떤 사이 될까?"
29802,6월 나의 연애운은?
19294,인생 피는 필승 사주 (비트윈)
18860,3カード：恋に落ちるためには？
16403,사주로 보는 성격+성격유형+애착유형
36927,그 사람과 어떤 관계로 나아갈까?
19423,[크리스마스 푸시 전용] 2022년 신년운세 보고서
44769,🙏올해 안에 나에게 일어날 대박 행운(2500~) 🤔❤️
56482,썸붕되는 결정적인 이유
48991,그 사람 진짜 마음 알고 싶다면
47143,그 사람 진심일까?
40645,우주가 그대를 위하여 준비한 선물
19426,[크리스마스 푸시 전용] 그 사람과 나의 사주궁합
19105,元恋人は今、どう過ごしてる？
33001,창업은 정말 어려울까?
26208,"달콤한 화이트데이, 그 사람이 생각한 나의 매력은?"
40147,헤어지자고 한 말은 진심인가요... 속마음타로...
40576,어느날 갑자기 훅 들어오는 그 사람의 속마음은 뭘까?
36142,내 운명의 러브 레시피💗📖#아이비스타로
52291,직업운 ㅣ 지금 이 일 나와 잘 맞을까?
27730,내 미래의 결혼 상대는 어떤 사람?
45494,그사람의 속마음과 나에게 말하지 못한 진심은..
37970,D-DAY Tarot: When Do I Find Love?
37246,2025년 그 사람과 어떨까?
37052,2025년 솔탈: 어떤 사람과 할까?
31898,D-DAY 타로: 솔로 탈출까지 며칠 남았을까? | 리니
18802,무의식 속 숨은 동물 찾기
25140,"(추천할인, 미노출) 심층 애착유형 테스트"
29827,[컬렉션 뽑기 2회] 걔는 나를 연애 상대로 볼까? | 람다람
26093,그사람은 어떤 사람일까요?
37245,그 사람이 좋아할 내 매력은?
36661,나도 몰랐던 내 진짜 연애 성향은?
36144,솔탈 풀이: 그 사람과 생기는 일
18975,퇴사&이직 완전 정복 패키지
13907,이름 바꾸자
37378,2개월 안에 날 좋아할 사람은?
46714,"앞으로 1년, 연애운의 흐름은?"
40154,지금 당장 시작하면 좋은일
38101,X와 다시 사귀다면 어떤 모습일까
36444,우리 댕댕이가 나에게 하고싶은말?🐶🐕#샐리타로
24741,내 연애가 힘든 이유는? : 연애 자존감 보고서
18969,오늘은 내가 주인공 8화
17807,이름풀이 x 4 패키지
31903,"다음 연애 언제, 어디서 시작될까? | 리니"
29788,"STEP2 사이드잡, 어떻게 시작할까?"
27192,[협력유통] 선택 타로: 이 사람 계속 만나도 될까? | 타로즈
34118,범접 불가한 내 연애 매력은?
44075,헷갈리게 하는 너의 행동 나 좋아하는걸까?
43778,내 연애의 수확기
43747,🙏그사람과 나:어떤 카르마로 다시 만났나?(3600자~)
42526,불리하면 숨어버리는 너! 왜 그러는 거야?
41929,[별자리] 화성 별자리로 보는 다음 연애 상대 알아보기💖
40973,속마음 타로: 그 사람이 저에게 소홀한 거 같아요.이유가 뭘까요?
40279,"""다행이다"""
39794,속마음 타로: 도대체 걔야? 나야?
36497,2025년 그 사람의 감정 변화
34946,몸값을 높여주는 회사 언어 스킬
29990,[컬렉션 뽑기 2회] 먼저 연락 올 확률은? | 총몇명
29992,[컬렉션 뽑기 1회] 내 첫인상 어떨까? | 총몇명
35869,[패키지 할인] 플러팅 고수가 되는 방법
18981,오늘은 내가 주인공 15화
45460,❤무조건적인 사랑❤_커플_짝사랑_썸_솔로
43318,해몽테스트_2단계결제_B
37980,Choice Tarot: Should I Keep Seeing This Person?
28171,선택 타로: 이 사람 계속 만나도 될까? | 이미담
18923,불면증 진단
18807,네 성격에 딱 맞는 부자 되는 법 추천해줄까?
18824,私はどんな人？：自分の性格タイプ分析
18736,恋に落ちる確率計算機
40084,"그 남자가 당신에게 계속 카톡하는 이유,속마음타로"
30685,[얼리버드] 천문철학으로 여행하는 나의 내면세계
29987,[컬렉션 뽑기 3회] 좋아하는 그 사람의 속마음은? | 총몇명
18928,私って君のこと好きかな?：気持ち診断
37108,👼👹그 사람은 천사일까? 악마일까?
33234,블로그 로직 심화 - 키워드 발굴부터 제목 짓기까지
31900,그 사람 속마음 [심화편] | 리니
19071,どっちを選ぶべき？
43943,[특별할인] 2024년 하반기 솔로 탈출 시기
37842,그 사람의 사정(事情)🔒🔑#디오타로
25000,"힘든회사생활, 언니가 알려주는 솔루션과 위로"
56020,"나를 향한 마음, 확신이 생기는 중일까 흔들리는 중일까?"
55922,"그 선, 네가 먼저 넘어와 줬으면 해 #수월화타로"
55756,그 사람이 날 좋아하는 이유& 나에게 반한 매력 포인트
55525,"그 사람, 언제쯤 다시 만날 수 있을까?"
55162,생각지도 못한 속마음은?
54964,"끝까지 갈 수 있을까, 우리 사이"
54535,언제 연락이 올까?
54238,"나에 대한 속마음, 어떻게 드러날까?"
53909,"🪭타로&오방기: “바빠”라는 말 뒤에, 그가 숨긴 진짜 마음은.."
53811,"🪭타로&오방기: 그날 SNS, 나를 향한 마음이었을까.."
53810,🪭타로&오방기: 그 사람이 말없이 멀어진 이유
52522,내게 흥미일까? 호감일까?
37986,Do They Miss Me Right Now?
25483,"할 수 있다, 나는 : 랜덤으로 뽑는 '나' 응원 감정카드"
25481,5문 5답 : 어린시절의 나와 함께 찾는 나의 꿈
32366,100만 유튜버와 봉준호의 공통점
55065,임신 출산 타로: 10카드
45559,💌새롭게 나에게 다가올 그 사람의 모든 것💌
32299,[사전예약] 퍼스널 뷰티 컨설팅 : 성형없이 리즈시절 만들기
34540,[할인] 블로그 로직 심화 - 키워드 발굴부터 제목 짓기까지
52819,A와 B중 무엇을 선택할까??
18744,人間関係改善：自分の恋愛愛着タイプ分析
16468,사주로 보는 오늘의 솔로 연애운
25138,"(추천할인, 미노출) 연애 자존감 보고서"
24744,"지금 내 마음은 쿨톤, 웜톤? 🤔"
54931,사랑한다면 그러지 않는다는데... 그 사람의 진심은?
29832,2023년 6월 운세를 알아보자!
26518,[사전 예약] 나다운 삶을 위한 사주 100% 활용법
14547,이름 바꾸자
32997,STEP 3. 유튜브로 돈 버는 방법을 알려줄게
53513,그 사람 안에서 나는 어떻게 정리됐을까?
53314,그래서 마지막 한 번쯤은 더 용기를 내보고 싶은데…
52489,나를 좋아하는 이유?
51370,사랑이 이루어지는 장소!! 🩷
51367,언제부터 금전이 차곡차곡 모일까? 💰💰🪙
51268,지금 내가 생각하는 그 일은 잘 될까? 🙏
49684,그 사람이 이미 당신에 대해 본능적으로 눈치챈것들.
48034,"봄, 내게 다가올 인연은?(열개10 카드선택)"
43547,그사람의 속마음을 알고 싶어요
43487,그 사람과 연애 하고 싶어요
42197,이래도 내가 좋아? 진짜 좋아?(총7장카드 선택)
26485,먼저 연락올까? 아님 내가 먼저할까?
19099,あの時別れてなかったら…
18914,相手が見る私のイメージ
54898,"9월, 당신에게 웃음을 안길 무언가가 옵니다."
53019,그 사람은 정말 내가 없는게 편한 걸까?
34942,"나에게 장난치는, 나를 괴롭히는 그 사람...자꾸 신경쓰여...💝 #디오타로"
36589,[추천할인] 사주로 보는 그 사람의 '진짜' 속마음🚨
56680,그대는 왜 나를 잡지 않는걸까?
24638,갓생 레벨 테스트
18913,자주 묻는 질문들
45432,🌷🌼🌹꽃길🌷🌼🌹은 이제부터 시작입니다.
33251,고양이의 행복도를 높이는 환경 조성 가이드
29790,"STEP5 퇴사, 그리고 제 2의 인생"
19018,私に向いてる職業と能力は？
53479,그 사람 입에서 듣지 못한 마지막 한마디
51631,[팩폭] 연인과의 남은 기간과 관계 흐름을 알려드립니다 🔥🔥
45497,그 사람의 진심과 나를 향한 마음은…?
34396,[협력유통] 2024년 나에게 찾아올 12가지 행운 | 타로아브니
19085,もっと素敵な自分になるには？
50311,재회가능성 타로로 보기
29830,[컬렉션 뽑기 1회] 내 첫인상 어떨까? | 람다람
53644,"진짜 인연, 가짜 인연"
32103,2023년에 솔로 탈출할 수 있을까? | 이승현
18919,onboarding_bonus_heart
18918,3カード：私の運は今上昇中 vs 下降中？
18911,심리진단
18856,4カード: {{名前}}の6月運勢
42160,[펫타로] 천국에 있을 나의 반려동물에게 남은 추억은..?
14067,이름 바꾸자
32996,STEP 1. 나만의 콘텐츠를 찾는 방법
35606,유지훈 레벨3-10_할인결제
25976,마법문자를 통한 연애운 올리기
23920,내가 고양이로 태어난다면?
57934,2026 신년 결혼운: 내 인생 최고의 배우자는?
26349,[사전 예약] 간단 연락운 : 한 달 내로 그 사람의 연락이 올까?
35225,반지훈 레벨3 사진 해금_자켓사진
53084,나에게도 돈 걱정을 안하는 시기가 올까요?(시기 포함)
49751,짝남 짝녀에게 보여줘야 할 나의 매력
38368,나의 댕댕이와 나의 전생은 어땠을까요?🐶🐕#샐리타로
37375,친구와 연인: 우리 관계는?
37248,그 사람과 나는 어떤 관계가 어울릴까
36660,2025년 두 사람의 관계 진전
36387,재회하면 다시 좋아질까?
36321,그 사람이 그리는 나와의 미래는?
31211,지금 너도 나를 보고 싶어하고 있을까?
29984,[컬렉션 뽑기 4회] 이별 실감: 우리가 헤어진 진짜 이유 | 총몇명
18849,今別れてもいい？
34109,[할인] STEP 2 ㅣ미노출
34108,[할인] STEP 1 ㅣ미노출
18748,相手と自分の前世関係
38467,"그와 나의 관계, 어떤게 좋을까"
18952,달달한 보이스 채팅 - 치우
55493,재회 타로: 11카드
15827,이름 바꾸자
26526,[사전 예약] 내 행운의 지인: 놓쳐선 안될 한 사람
37939,행동 의미와 그 사람의 진심
32151,[2 Photocards] What's My Crush Thinking?
32149,[2 Photocards] Two Choices Tarot: A or B
32148,[2 Photocards] Will My Crush Love Me Back?
39422,운명처럼 나타날 그 사람은?
47572,💏짝남짝녀의 💕러브스토리_발렌타인데이_💕
41467,나를 집착하는 그 사람_집착유형
38369,당신의 꿈은 이루어질 거예요🌠🌠#타로하는 크리스탈힐러 레아
37973,"Finally, Journey to My Destiny"
37411,2024년 청룡의 해!! 나의 운세!!🐲🐉  #디오타로
36088,YO~요즘 힙한 그 사람
29825,[컬렉션 뽑기 4회] 선택 타로: 이 사람 계속 만나도 될까? | 람다람
18764,사주로 보는 궁합 + 19금 속궁합
29993,[컬렉션 뽑기 1회] 그 사람이 연락을 안 하는 이유 | 총몇명
2159,별자리 짝꿍 궁합
18912,同い年 vs 年上 vs 年下
19029,周りから見た自分の魅力と長所
31873,[사전예약] 스톡 사진 부업 노하우
36427,유지훈 레벨 7-10_할인결제
33006,똑같은 상품을 우리 스토어에서만 사게 만들기
33004,주문을 부르는 썸네일과 상세페이지 비법
33003,중국에서 최저가로 사입하는 방법
32757,[포토카드 1장] 오늘의 팩트 운세
23977,나만 알고 싶은 술집 TOP5
29829,[컬렉션 뽑기 1회] 이번 주에 만나게 될 인연은? | 람다람
43546,그사람이 나를 좋아하게 될까요?
42721,올해 나의 막힌 운세가 풀리려면
40775,인연 타로: 나도 5월에 애인과 놀러가고 싶어.
40151,속마음타로: 지금 화가 잔뜩 난 그 사람.. 우린 어떻게 될까?
39621,사랑은 다 거짓말🔥🫦#디오타로
39512,마마보이 남친과 결혼할수 있을까요? 👰🤵🎎#팩폭타로
38140,나에게 생기는 가장 좋은것!(갑진년)✨🏝️ #데아타로
37117,🎄크리스마스🎄가 지나고 나에게 다가올 사랑#아이비스
36290,올해 가기전에 나도 사랑을 할 수 있을까요?🌷🌹#샐리타로
32107,썸 어떻게 될까? | 이승현
30559,썸 어떻게 될까? | 추단비
25599,"[미노출, 연속구매 할인] 감정카드: 색으로 알아보는 나의 연애심리"
24670,파워긍정 엔뿌삐에게 개인 상담하기 💌
19043,３か月以内に就職できるかな？
18850,私たちが別れたら
18842,3カード：今後の恋人のルックス・性格・職業は？
57307,결국 우리는 다시 만나게 될까?
19029,周りからみた自分の魅力と長所
35871,[할인] 말 한 마디로 매력적인 사람이 되는 3 STEP
2153,오늘의 짝사랑 연애운
19114,恋愛が長続きしない理由
35166,반지훈 레벨2 사진 해금_크롭티
41302,6월의 재회 확률 : __%
26525,[사전 예약] 겉궁합 vs 속궁합: 나와 찰떡궁합인 상대는?
56977,[취업] 취업에 성공할 수 있을까?
49057,시험 면접 준비전 조언 🃏 합격운
25990,마법문자를 통한 학업운 올리기
19128,사주로 보는 강점과 적성
18957,오늘은 내가 주인공 5화
23954,하루 5분 마음챙김
48597,"🪭타로&오방기: 나의 아픈 사랑, 결말은..."
23949,재미있는 넌센스 퀴즈
18977,오늘은 내가 주인공 14화
14867,이름 바꾸자
26252,지금 내 생각하고 있을까?
57175,헤어진 전애인은 나 없이 어떻게 지내고 있을까?
55558,"오늘의 재회운, 다시 만날 수 있을까?"
50641,운빨🍀뻥뚫어 개운타로#행운부적
45296,[특별할인] 내 아이는 출세할 사주일까?
38698,속보!! 그 사람에게 연락이 온다고요?🚀🚨 #데아타로
36649,크리스마스에 그대와 함께 할 수 있을까요?(총3000자)🎄🎅🏻#샐리타로
32106,걔는 나를 연애 상대로 볼까? | 이승현
24737,내 연애 스킬 레벨은? : 연애능력 보고서
18856,4カード: {{名前}}の5月運勢
42657,살려주십셔! 남은 2024년에는 돈도 연애도 다 잡게 해주십셔! 💸💓
26110,오늘 나는 어떤 데이트를 할까?
23974,MZ 용어 퀴즈~!
26505,[사전 예약] 내 사주의 잠재력: 인생을 바꿀 확언
19091,金運を上げるには？
19054,どうして私は恋愛ができない？
18847,私たちの関係は？：脈あり診断
28828,"퇴사 후, 왜 나만 불안할까?"
56944,[직장] 나는 직장에서 어떤 평가를 받고 있을까?
32729,첫인상을 120%높이는 스타일링
19089,今やってる事、このまま続けるべき…？
36423,유지훈 레벨 4-10_할인결제
23925,헛냥이의 고민상담
18853,私たちいつまで付き合える？
46516,2월에 생길 일?
35282,반지훈 레벨4 사진 해금_연습실
55294,결론 우리 다시 시작할 수 있을까?
54832,진심 없이 반복되는 다정함이 제일 무서워
54799,앞으로 3개월간 운세흐름은?
54634,"내가 뭘 더 해야, 그 사람이 날 눈여겨보게 될까?"
54568,🪭타로&오방기: 붙잡지 않은 이유… 마음이 없어서였을까
54472,🪭타로&오방기: 그 사람이 나를 밀어낸 진짜 이유
54470,🪭타로&오방기:멀어진 마음의 진심
54439,이렇게까지 애썼는데도 안 된다면..정말 인연이 아닌 걸까?
54437,그 사람은 내가 없어서 어떤 걸 제일 아쉬워할까?
54304,헤어지자고 말한 진짜 이유
54172,"나에게 친절한 그 사람, 어떤 속마음일까?"
54106,"하루아침 서늘해진 마음, 무엇이 문제였을까? #월령"
37639,2026년 신년운세
32792,타고난 하루를 알차게 쓰는 방법
18997,오늘은 내가 주인공 22화
32972,[1 Photocard] Yuri's Daily Tarot
33593,나를 몰래 지켜보는 사람..! 누굴까?
32301,[사전예약] 방구석에서 배우는 키치한 캘리그라피
19057,あの人と復縁できる？やり直せる可能性
18915,恋人ができない理由
18955,오늘의 짤출석 GIF - 연서
57571,(인과응보因果應報) 날 이렇게 힘들게 하고도 잘 살수 있을거 같아!
53514,"염치없는 나지만, 나 한번만 받아줄래?"
53413,내가 부족해서 끝난 걸까?
53382,아직은 아무도 만나지 말았으면 해.. 나처럼
53381,아무리 노력해도 당신에겐 내가 너무 부족한가봐. 계속 가야할까?
53347,한마디라도 그 사람 입으로 듣고 싶은 말
53248,나만한 사람 찾기 힘들다!!!
53017,여자친구 나 하나로 부족해??!!?
52786,집착적으로 놓지 못하는 그 사람 기다릴까요?
52159,"그 사람 안에 숨겨진 재력, 있는 걸까?💰💰"
51895,그 사람의 연락이 설레지만… 진심인지 아닌지 모르겠어요
51829,"나의 보여지는 모습이 아닌, 나 자신으로 사랑받고 싶어"
51038,가끔씩 안부문자해서 내 마음 흔들어 놓는 너는 도대체 무슨 속셈인거니?(다섯개카드선택)
51037,우리가 왜 헤어져야 하는지 난 잘 모르겠어(다섯개 카드 선택)
48166,재회 타로: 그 사람이 다시 내게 올까?
47837,다음생이 아닌 현생 그대와 함께 하고 싶어요.(다섯개 카드 선택)
46351,"2025년 새해 그대에게 일어날 일 (금전운,연애&부부운,직장운)"
46153,묵혀둔 나의 매력을 활용해보자
45431,재회타로: 다정하게 걸어가는 연인들속 우리는 없네
45429,속마음타로: 너는 나에 대해 어떻게 생각해?
45428,현생 너와 나의 카르마(숙제)는 무엇일까?
45427,재회운: 다시 시작하고 싶어
45330,올해가 가기전에 연애 한 번 해보고 싶구려
45329,그 사람 나에게만 샤이하게 웃어주는 걸까?
42195,소개로 만난 그사람 저를 마음에 들어할까요?
40774,반려동물계의 강형욱이 되자!!
37877,시절인연(時節因緣)🍀🏖️🍁☃️#디오타로
18864,告白してもいいかな？：告白成功率診断
15507,이름 바꾸자
53021,이제는 그 ‘버틸 수 있는 만큼’이 뭔지도 모르겠어. (직장에서)
51502,[창광_25하반기] 3개 구매자 추가 할인
24653,오늘 하루 파워긍정! 💪🏻
17707,오늘의 하트 복권 뽑기
54440,"감정을 따를까, 멈출까? 지금,나에게 필요한 선택은?"
13747,이름 바꾸자
29991,[컬렉션 뽑기 1회] 이번 주에 만나게 될 인연은? | 총몇명
40478,반지훈 레벨7 사진 해금_바디프로필3
37978,Will My Love Crush Bear Its Fruit?
37977,Do They See Me As A Romantic Partner?
31897,인스타그램으로 연봉 10배 만드는 법
25629,(연속결제) 자녀 성격 검사
19043,3ヶ月以内に就職できるかな？
19013,私にぴったりなダイエット法は？
18929,나의 소울에이지는 몇살? (2.23~3.2일 생일자)
18829,나와 잘 어울리는 이모지는?
18819,크리스마스 소원 빌기
16431,솔로 탈출 가능할까+나는 철벽일까
52027,"그 사람, 결국 내 사람이 될 수 있을까?"
39596,沙上樓閣(사상누각) 우리 이렇게 쉽게 끝날 사이 아니잖아🧣🎈#샐리타로
29785,"STEP3 사이드잡, 어떻게 유지할까?"
23913,술찌가 먹은 술을 구경하세요-!
18838,뉴즈의 소소실 ~내가 SNS라면?
18831,올해 행운의 아이템
44144,"🙏소통이 필요할때: 수성에서 온 여자, 천왕성에서 온 남자"
56845,[시험] 이번 시험.. 잘 볼 수 있을까?
53018,서로를 믿지 못하는 무딘 마음❤️‍🩹
53117,도대체 돈을 어떻게 벌어야 할까?-3개월금전운(5개카드선택)
24742,"[미노출, 연속구매 할인] 썸 감정"
16273,동갑vs연하vs연상 + 그 사람이 보는 나
57241,"계속 기디려지는 그 사람의 연락, 받을 수 있을까?"
35800,재회운 풀이: 재회하면 행복할까?
30551,D-DAY 타로: 솔로 탈출까지 며칠 남았을까? | 추단비
37685,그가 반할 내 매력은?
35863,그 사람이 좋아할 너의 매력은?
25998,❤️매일 알아보는 데일리 운세
23992,소개팅 전날 트러블이 올라왔다면!?
18844,この遠距離恋愛の行方は？
36426,반지훈 레벨7 사진 해금_바디프로필 묶음
26344,[사전 예약] 그 사람은 날 어떻게 볼까?
43319,해몽테스트_2단계결제_C
32960,【ポカ2枚】あの人の気持ち
32759,【ポカ2枚】JOYURIの二者択一占い
15667,이름 바꾸자
14207,젊음의 물약..?
24707,2023년에 솔로 탈출할 수 있을까? | 타로아델
57208,그 사람이 연락을 주저하는 이유🥺
40939,사람때문에 퇴사하고 싶을때!어떻게 해야 할지 알려드릴께요!
37974,Who Has a Crush on Me?
35824,2023 빼빼로데이 고백존 (종료) by. 천대놈
26163,💜 그 사람의 속마음은? 🔮
23987,유애나 덕력 테스트 초성 노래편
19064,もし別れたら、どうなる？
18909,이상형을 그려줄게
39589,결혼운: 어떤 사람과 결혼할까
39257,내 연애 스타일과 잘 맞는 사람은?
32995,STEP 2. 딱 맞는 레퍼런스를 수집하는 방법
32296,망하는 기업이 놓치는 한가지
14047,젊음의 물약..?
40016,그 사람과 다시 연애한다면 어떨까?
18988,ラママに勝て！ハートジャンケン
18846,私たちのスキンシップ相性
36422,반지훈 레벨5 사진 해금_샤워
56977,취업에 성공할 수 있을까?
22460,[CRM 히든] 속마음 3카드
38170,보고싶은 우리 댕댕이의 오늘 하루가 궁금해!🐶🐕#샐리타로
18841,片思いを諦められない理由
33550,<이방인>이 노벨문학상을 받을 수 있었던 이유
2507,오늘의 내 연애지수
46418,그 사람은 전 연애가 어땠을까? (연애공략법)
57406,연락만이라도 받을 수 있을까?
26591,[사전 예약] 사주 궁합 기반 1:1 데이트 매칭
26103,주간 금전운
2448,내일의 운세
2145,오늘의 연인 애정운
18932,2021년 세계 여성의 날
18835,自分に合うダイエット方法
18834,今やってること続けてもいい？
16476,타고난 팔자와 신분: 왕족 vs 천민
23950,하르방의 제주 맛집 추천!
19116,喧嘩しないためには？
19042,私にピッタリのバイトは？
40246,이번 주 {{이름}}님을 향한 그 사람의 속마음은..?!
32302,[사전예약] 연애 코치 J의 맞춤형 실전 연애 코칭
39819,하늘나라에서 댕댕이가 편지를 보냅니다.!
19072,職場で苦手なあの人とうまく付き合う方法
18732,人に依存し過ぎる？：共依存診断
56449,결혼얘기 안나오는 이유
19084,家族と仲良く過ごす方法
18851,上手く告白する方法
36853,2026 새해 내 연애운은? (솔로)
37971,Understanding Their Inner Feelings
23919,속초 당일치기 코스
37976,Will We Meet Again Within the Next 3 Months??
25630,(연속결제) 양육 유형 검사
25488,사랑에 빠져 가족을 죽인 여자
25484,잠에서 깨어 보니 벌레가 된 남자
18931,"클럽하우스 쿠폰 메뉴 (외모, 성격, 직업)"
18747,家族と仲良くなる方法
18737,星座性格分析レポート
13887,젊음의 물약..?
30317,[사전예약] 블로그 수익화 시작법_찐시작편
26491,[사전 예약] 나의 3가지 복을 지키는 방법
18840,片思いを忘れる方法
25487,전염병에 휩쓸린 어느 도시 이야기
23951,프란츠 카프카 <변신> 5분만에 다 읽기!
15967,젊음의 물약..?
14527,젊음의 물약..?
2147,오늘의 관심 연애운
26528,[사전 예약] 우리 이대로 괜찮을까?: 관계건강지수 검사
2130,결정하기
26504,[사전 예약] 우연에서 필연으로: 그 사람 끌어당김의 법칙
18852,恋愛運をアップするためには
18830,2021 신축년 운세 보고서
18828,나와 잘 어울리는 이모지는?
37540,2024년 3월 연애운+속마음
18920,나는 연애할 때 무슨 맛 사탕?
23967,단돈 300원으로 이선균 성대모사 배우기
18839,相手と近づけるのかな？
26524,[사전 예약] 관상 개운법: 내 관상에 어떤 복이 있을까?
534,오늘의 운세
23935,야구장 자리 추천
23927,[발리여행] 안 가면 후회할 발리 인싸스팟🔥🏝
2146,오늘의 썸 연애운
19178,연애고사 : 지금 내 연애력은 몇 점?
18917,제가 상담이 필요한가요?
18827,就業運：面接運
14387,이름 바꾸자
24743,"[미노출, 추천구매 할인] 내 기분"
11347,이름 바꾸자
45163,요즘 나의 반려동물의 기분은 어떨까?🐈🐕
23941,안냥이의 인사말 추천
32758,【ポカ1枚】今日の運勢
26478,[사전 예약] 사주로 보는 최악의 궁합
18921,하트코행성 이야기
31871,[사전예약] 불면증을 해결하는 뇌 운동법
29789,STEP4 사이드잡에서 메인잡으로
26477,[사전 예약] 인생이 바뀌는 역마살 공식
26327,[사전 예약] 나를 더 사랑하게 만들고 싶은데 어떻게 하면 좋을까?
32300,[사전예약] 10년차 면접관의 합격을 부르는 면접 노하우
35165,반지훈 레벨1 사진 해금_헬스
25136,하이마이 다이어리
23985,띵뷰 - 레고 오버워치 레킹볼 75976
19115,試験でいい点数取れるかな？
18752,今回のテスト上手くいくかな？
18735,連絡してもいい？
31872,[사전예약] 새내기 팀장을 위한 필수 매뉴얼
15647,젊음의 물약..?
40414,반지훈 레벨7 사진 해금_바디프로필1
26522,"[사전 예약] 사주에 의존하는 나, 괜찮을까?"
26517,[사전 예약] 사주로 해금(解禁)하는 그 사람의 모든 것
26350,[사전 예약] 지친 나를 위한 딱 한 달 타로 레시피
23979,"아가, 베이비 도일 포토"
19049,あの人、私とどこまで想像してるかな
23952,우리 집 식물이 왜 아플까?
15027,이름 바꾸자
56911,[승진] 이번에 승진할 수 있을까..?
56911,이번에 승진할 수 있을까..?
56845,이번 시험.. 잘 볼 수 있을까?
40611,너 혹시 나 좋아헤?_웹투앱
37979,Why Aren't They Contacting Me?
37972,Chance of Them Contacting You First?
26519,[사전 예약] 그 사람과 나의 과학적 궁합: 애착유형 검사
26331,[사전 예약] 사주로 보는 나의 인생 DNA는?
24646,다솜언니의 언니 상담
2331,이 주의 운세
2197,오늘의 행운을 더 높이려면
18847,私たちの関係は？：脈あり診断
18500,부캐 테스트
15987,이름 바꾸자
14687,젊음의 물약..?
56944,나는 직장에서 어떤 평가를 받고 있을까?
26914,오늘은 연락이 올까?
26586,"[사전 예약] 불안, 우울, 불면 정신과 상담"
23983,포토샵
23982,건이형
22558,조카에게 알려주는 한글 공부
37985,The Fated Person to Meet This Week
26489,[사전 예약] 우리 부부의 재물운 궁합은 어떨까?
23966,"묵찌빠,데덴찌,참참참 필승법+럭키넘버"
40477,반지훈 레벨7 사진 해금_바디프로필2
26483,[사전 예약] 나는 몇 점짜리 부모일까?
35226,유지훈 레벨4 사진 해금_연습실
26573,[사전 예약] 그거 가스라이팅인지 딱 알려주겠다옹~
26481,[사전 예약] 우리 아이 건강하게 태어났을까?
23976,식탐 잔뜩! 도일 포토
19052,どう見られてる？私の第一印象は？
18915,恋人ができない理由
18914,相手が見る私のイメージ
18853,私たちいつまで付き合える？
18851,上手く告白する方法
18805,스타트업 적성검사
15347,이름 바꾸자
14707,이름 바꾸자
26507,[사전 예약] 돌싱 사주 : 나 재혼해도 괜찮을까?
15807,젊음의 물약..?
54505,운명의 결혼 상대: 10카드
26574,[사전 예약] {{이름}}의 외로움을 달래줄 라면 한사발
26488,[사전 예약] 내 자녀의 사춘기 어떻게 지나가면 좋을까?
26487,[사전 예약] 그 사람 사주의 색욕은 어떨까?
26482,[사전 예약] 자녀궁합: 우리 아이 왜 이럴까?
23978,깨발랄한 도일 포토
26587,[사전 예약] 우리 아이 ADHD일까?
26572,"[사전 예약] {{이름}}, 한 잔 하고 가라옹~"
26529,[사전 예약] 멍소리 번역기: 대체 나한테 왜 이럴까?
23980,졸려요 쿨쿨 도일 포토
23219,[예시용 메뉴_삭제하지 말아주세요]
18988,ラママに勝て！ハートジャンケン
15187,이름 바꾸자
999,스마트폰중독 진단
652,오늘의 스트레스 지수
647,오늘의 우울지수
6317,사회공포증 진단
5882,바닷속 미술관
57538,그사람 행동 관심일까? 속마음은?
57506,"이번 달 매출, 걱정 안 해도 될까? 💰"
57142,[솔탈 응원 히든 스킬] D-DAY 타로: 솔로 탈출까지 며칠 남았을까?
56812,[특별페이백] 2025년 하반기 솔로 탈출 시기
56350,라마마와 송편 빚기
56152,우리의 전생 인연과 현생 #월하타로
55459,하트 지급 트래킹
55228,쿠폰 지급 트래킹
54733,쿠폰지급_트래킹용
54703,웹투앱 띠배너 트래킹용
54473,🪭타로&오방기: 그 사람 기억 속에 남은 우리
54436,"납득은 안 되지만, 들어나 보자. 말해봐."
54337,히든페이백_[창광] 25년 하반기 운세 통합편
54139,[상세페이지] [창광] 25년 하반기 운세 통합편
54007,독이되는 관계: 바람·세컨·환승·가스라이팅
53941,[상세페이지] 2025년 하반기 운세 보고서
53812,🪭타로&오방기: 그저 외로워서 나에게 다가왔던 걸까?
53809,"🪭타로&오방기: 그때 그 말, 진심이셨나요.."
53743,그 사람은 왜 내게 등을 돌렸을까?
53677,[상세페이지] 2025 을사년 하반기 애정운
53512,"내가 모르는 사이, 그 사람도 많이 힘들었대"
53447,[상세페이지] 내 팔자에 새겨진 천년배필
53249,"그의 마음이 진심이 아니라는 걸,,,"
53215,연인을 버리고 내게 올까??
53083,나 그 사람 기다려도 될까요?(5개카드)
52852,25년 하반기 타로: {{시스템_지금몇월}}월은 놓치지 마세요
51169,"[페이백혜택] 내 사주의 천생연분, 어떤 사람일까?"
51070,내 인생에도 봄은 올까요?
51005,"그 사람은 결혼후 어떤 배우자, 어떤 부모가 될까?"
50707,그 사람과 결혼하면 반드시 닥칠일
50577,선택지 여러개 테스트
50378,수상한이벤트_데이터트래킹용
50377,수상한이벤트_광고
49948,(연속구매) 그 사람의 숨겨진 진짜 속마음
49552,연애 무물 타로: 짝사랑부터 재회까지
49189,웹_구매자팝업_연애
48958,[특별페이백] 결혼 OX 궁합: 이 사람과 결혼해도 될까?
48958,특별페이백_결혼 OX 궁합: 이 사람과 결혼해도 될까?
48859,[히든페이백] [완결판] 곧 다가올 나의 인생 연애
48826,[히든] 온보딩 성과 측정용 스킬_2025_v6
48793,[무료하트 트랙킹] 진짜인연 vs 가짜인연
48570,ab_미로그인_그 사람과 나의 3가지 사주궁합
48569,"ab_미로그인_{{이름}}[[이의/의]] 운명의 인연, 언제 만날까?"
48568,ab_미로그인_월지로 보는 인연: 배우자가 될 3명의 후보
48567,ab_캐러셀_그 사람과 나의 3가지 사주궁합
48566,ab_동몽이_그 사람과 나의 3가지 사주궁합
48565,"ab_캐러셀_{{이름}}[[이의/의]] 운명의 인연, 언제 만날까?"
48564,"ab_동몽이_{{이름}}[[이의/의]] 운명의 인연, 언제 만날까?"
48563,ab_캐러셀_월지로 보는 인연: 배우자가 될 3명의 후보
48562,ab_동몽이_월지로 보는 인연: 배우자가 될 3명의 후보
48529,[히든] 온보딩 성과 측정용 스킬_2022
48496,[히든] 온보딩 성과 측정용 스킬_2025
48430,[특별페이백]절대로 놓치면 안 될 결혼 상대와 시기는?
48300,캐러셀성과측정-[노출금지] 캐러셀 테스트
48299,[노출금지] 캐러셀 테스트
48232,임신운 라이트 버전 > 웹투앱
47275,사주명식 풀이보기
47242,[이벤트] 나만의 소원 부적 만들기
47110,날 버리고 간 그사람은 어떤 사람일까요?
47078,나는 많이 아파... 너는 어때?
47044,내가 미워하는 그사람은 후회하고 있을까?
46846,2025년 새해 그대가 곧 받게 될 행운🍀
46813,[히든스킬] 전연인 어떻게 지낼까 + 재회확률 높이는 법
46747,넌 아직도 잘못이 없다고 생각하고 있어?
462,분노조절송
46154,연말에 마주할 기쁜 소식과 2025년 상반기 흐름🐍
45955,이번달 나와 반려동물에게 일어날 일
45493,등급_무료혜택지급
45394,[앱에서만 무료] 그 사람 아직 나한테 미련 있을까?
45361,[앱에서만 무료] 좋아하는 그 사람의 속마음은?
45130,[앱에서만 무료]내 SNS 염탐하는 사람 있을까?
44735,[0원 이벤트] 꿈 해몽 상담: 나의 현재와 미래
44536,판매중단 스킬 테스트
44305,내 운명의 상대
44275,추가 결제 (진입 체크)
44272,최초 결제 (진입 체크)
43780,그 사람이 진정으로 내게 원했던 건 ?
43779,2024 마지막 분기 총운을 알려드려요.
43777,추석 스페셜
43486,나의 사랑은 이루어 질까요?
43485,[특별 페이백] [창광] 24년 하반기 사랑운과 인연운
43480,썸머 크리스마스!🏖️🎄🎅🏻
43420,장마끝과 함께 다가올 일들
43326,"해몽, 사주, 타로: 심층 드림 카운셀링"
4328,사람 친구랑 선택하기
4322,성격유형 잘 맞는 대화 친구 소개해줘
4318,나랑 궁합 잘 맞는 친구 소개해줘
4316,직장 스트레스 나누기
4314,사람 친구와 수다 떨기
4312,대화할 친구 소개해줘
43020,🙏상대방이 갑자기 헤어지자는 이유(2900자~) 🤔❤️
43018,24년 하반기 나의 사랑운과 인간관계운의 흐름(3500자 ~)🤔❤️
42919,그 사람의 속마음: 우린 도대체 왜 헤어진 걸까?
42886,동굴로 들어간 그 사람 어떡하죠?
42820,당신때문에 다른 여자 못만난다는 그 남자 리얼 속마음
42724,"“以眼還眼” [이안환안] 눈에는 눈,이 에는 이”"
42689,카플친프로모션성과분석용
42656,걸림돌이 되는 부정적인 감정을 날려야겠다.⛈️->☀️
42525,그 사람이 나를 제일 보고싶어 하는 순간은?
42457,"[히든스킬] 이별, 그 후… 너와 나의 속마음"
42293,2024년 8월 연애운
42292,2024년 7월 연애운
42094,[펫타로] 나의 반려동물은 나를 어떤 집사로 보고 있을까?
42037,[별자리] 나의 타고난 기질과 매력! (내가 가장 돋보일 때✨)
41599,진입 블록용
41434,[푸시 페이백] 그 사람의 속마음
41172,2025년 나에게 찾아올 12가지 행운
41172,2025년 나에게 찾아올 12가지 행운
40156,그 사람과 5월 안에 사귈 확률 : __%
40015,내 연애 장점과 잘 맞는 짝꿍은?
3979,아무냥 입양 테스트
39455,Pet AI Profile | World Adventure
39454,반려동물 AI 프로필: 세계여행 🌍
39359,🎎오래 사귄 당신에게 청혼하지 않는 이유🎎#팩트폭격타로
39323,웹투앱테스트_지선
39260,조만간 솔탈 할까? 솔탈 풀이
39258,그와의 관계 예측 3가지 미래는?
39027,봄 맞이 행운 찾기 🍀🍀🍀#디오타로
38964,시간을 달려서 🕰️🎓#디오타로
38860,Pet AI Profile | Flower Picnic Edition
38794,반려동물 AI 프로필: 꽃놀이 스냅
38497,올해 연애운
38204,MBTI 궁합도
38135,너의 마음을 보여줘!!🔑🧡#데아타로
38134,When And Where Will My Next Relationship Begin?
38036,Pet AI Profile | Happy Lunar New Year
38006,반려동물 AI 프로필: 한복
37987,Do she like me too...?
37984,Will My Unrequited Love Come True?
37975,Tarot to Reunite: The Real Reason We Broke Up
37944,Finding About Your Past Life
37841,Pet AI Profile | Career Edition
37573,변하겠다는 너의 약속을 믿어도 될까? 🔒🔑#샐리타로
37474,반려동물 AI 프로필: 직업 체험
37443,나는 어떤 색상과 숫자가 좋을까?
37147,{{이름}}에게... from. 하트코 행성 친구들
37144,크리스마스에 이루지 못한 나의 사랑의 반전❗#샐리타로
37109,2023 크리스마스 메시지 확인
36913,테스트
36628,[토스 쿠폰] 반드시 잡아야 할 내 인생의 귀인은? [실사판]
36627,[토스 쿠폰] 인생 피는 살풀이: 반드시 주목해야 할 살은?
36626,[토스 쿠폰] 일생 풀이: 천운과 타고난 복(福)
36623,[토스 쿠폰] 사주 작명과 길일: 우리 아이 어떤 이름이 좋을까?
36622,[토스 쿠폰] 인생 피는 필승 사주 : 내 인생 언제 필까? + 필승 개운법 일주 풀이
36554,2024년 6월 연애운
36553,2024년 5월 연애운
36552,2024년 4월 연애운
36551,2024년 3월 연애운
36550,2024년 2월 연애운
36451,Pet AI Profile l National Athlete Edition
36443,Pet AI Profile l Holiday Edition
36442,Pet AI Profile | Studio Edition
36325,반려동물 AI 프로필: 국가대표
36258,내 연애 매력과 그 사람 진단
36226,반려동물 AI 프로필: 홀리데이 포토북
36225,전여자친구에게
36194,대화하기
36193,소개팅 시작하기
36131,NUM_231130_02
36130,NUM_231130_01
36129,NUM_231130_02_3
36128,NUM_231130_02_2
36125,NUM_231130_02_1
36124,NUM_231130_01_3
36123,NUM_231130_01_2
36122,NUM_231130_01_1
36114,‘팀원 평가 윈도우’에 대해서 알려주세요
36113,팀장으로서 회의를 촉진하기 위해 어떤 행동을 하면 좋을까요?
36112,근태 관리를 어떻게 하는게 좋을까요?
36111,무엇이든 물어보세요
36109,팀장 5레벨 리더십에 대해 알려주세요
36108,코치형 팀장의 6가지 원칙에 대해 알려주세요
36107,무엇이든 물어보세요
36106,ESTJ 리더의 장단점에 대해 말해주세요
36105,리더와 팔로어 중 누가 먼저 맞춰야 하나요?
36103,무엇이든 물어보세요
36102,도쿄 스튜 맛집 한군데 추천해주세요
36101,카이센동은 어디가 맛있어요?
36100,무엇이든 물어보세요
36099,뎃판야끼 맛집 추천해주세요
36097,도쿄에선 단 한 끼도 대충 먹을 수 없어
36095,처음 리더가 된 당신에게
36093,일하는 사람을 위한 MBTI
36056,반려동물 AI 프로필: 스튜디오
36043,[페이드마케팅] 2024년 신년운세 보고서
36003,2023 빼빼로데이 메시지 확인 (종료)
35893,[무료스킬] 지금 {{이름}} 널 위한 카드를 봐줄게!
35868,마법 사용해보기
35710,애완동물의 마음이 궁금해
35599,관계운: 그 사람과 어떻게 될까?
34951,손금으로 보는 결혼운 : 결혼하면 어떨까?
34943,[테스트] 나의 커뮤니케이션 매력 지수
34900,[할인] 경력이직 최적의 타이밍
34603,ついに出会う運命の人
34589,"[할인] 단 1분, 친절하고 정성 가득한 사장님 되기"
34586,[할인] 중국에서 최저가로 사입하는 방법
34552,[Announcement] Find Out Who Won the Events ❤️
34543,[할인] 블로그 수익화 백과사전 Q&A 전자책
34537,イベント最終当選者発表❤️
34471,집사를 위한 필수 준비물 체크리스트
34397,2024년 나에게 찾아올 12가지 행운 | 타로아브니
34395,2024년 커플 관계 보고서 | 타로아브니
34375,2024년 솔로 탈출 보고서 | 타로아브니
34346,나는 이기는 연애를 하는 사람일까?
34344,[할인] 전월세 계약 - 미노출
34244,🚕 이벤트 최종 당첨자 발표 🚕
34241,私って鉄壁…？！：ガードの堅さ診断
34209,あの人と復縁できる？やり直せる可能性
34200,あの人から連絡がない理由は？
34172,四柱推命で見る今日の運勢
34170,私の運命の相手
34158,あの人の人生の流れ
34156,今日のラッキースポット
34154,自分の持つ五行と性格診断
34150,あなたの人生の流れ
34149,今日のラッキーカラー
34117,매력에 빠져 보아요! 고양이 입문 101
34111,[할인] STEP 4 ㅣ미노출
34110,[할인] STEP 3 ㅣ미노출
34074,Who's My Future Spouse? 🔮
34041,Can we meet again?
33956,Onboarding Scenario
33943,Their inner thoughts
33931,Today's Love Interest Fortune
33913,Today's Unrequited Love Fortune
33773,Who likes me now?
33761,Complete Conquest Package for Next Relationship
33719,Can we meet again within 3 months?
33698,Today's Love Fortune for Couples
33689,Today's Crush Love Fortune
33652,"근로기준법, 모르면 손해다"
33637,[무료] 연애 조언해 줄게!
33552,<햄릿>의 대사로 이해하는 셰익스피어 천재성
33551,<카라마조프가의 형제들> 주인공=실존 인물?
33324,(비트윈프로모션) 그 사람과 나의 3가지 사주궁합
33320,☯️사전예약☯️ 2024년 신년운세 보고서
33265,연봉 퀀텀점프를 위한 협상 노하우 A to Z
33255,우리 고양이 건강 점수는?
33254,"퇴직금 계산, 실업급여 한 번에 끝내는 법"
33253,이럴 땐 어떻게? 금쪽냥이 문제 행동 솔루션
33252,수의사가 꼽은 고양이 핵심 건강 관리법
33250,당신의 집사력은 몇 점인가요?
33249,출근길에 다쳤을 때 보상 받는 법
33248,돈 아까운 4대 보험 환급 받는 법
33224,PPT 템플릿 무엇이든 물어보세요 [FAQ]
33008,"단 1분, 친절하고 정성 가득한 사장님 되기"
33000,나는 사업과 잘 맞는 사람일까?
32998,STEP 4. 영상편집은 그저 거들 뿐
32994,나에게 딱 맞는 유튜브 영상 주제는? - 유튜버 테스트
32987,벼락치기 모여라 <만능 PPT 페이지 템플릿 3종>
32979,5분 만에 ROAS 200% 광고 소재 만들기 [패키지]
32977,<팔리는 광고 디자인> 평생 소장 VOD
32976,온디에게 자주 묻는 질문 FAQ
32855,피그마 VOD / 전자책 / 템플릿까지 자주 묻는 질문 FAQ
32691,피그마로 시작하는 콘텐츠 디자인 VOD 강의
32560,라마마의 깜짝 고민 상담소💓
32262,JOYURIオタ活講座
32153,JO YURI : A to Z
32152,What's My Dating Style?
32147,Yuri's Daily Tarot
32128,패자만 모르는 승자의 전략들
32113,JOYURIタロット - 今日の運勢
32112,恋愛スタイル診断：あなたの恋愛がTAXIなら？
32101,내 운명 지금 어디 있을까? | 이승현
31605,(미노출) 🎁2023년 하반기 솔로 탈출 시기
31456,{{이름}}님을 잊지 못한 그 사람의 속마음과 재회에 대하여..
31455,조유리 입덕 가이드
31440,연애 스타일 테스트: 내 연애가 택시라면?
31439,율짱 타로 - 오늘의 팩트 운세
31373,2024년 1월 연애운
31372,2023년 12월 연애운
31371,2023년 11월 연애운
31370,2023년 10월 연애운
31369,2023년 9월 연애운
31303,(여자 친구 편) 연애 싸움 확실하게 이기는 방법
31273,미국 생활의 모든 것
31272,미국 대학교의 모든 것
31143,행운을 알려줘
31108,무료｜한 장 오늘의 운세
30908,내 생각할 때 무슨 생각해?
30703,무료 | 오늘 내 연애운 어떨까?
30512,연애 싸움 그 후
30286,"2023년 하반기, 소원을 말해봐!"
30151,[무료] 그 사람은 나랑 사귀고 싶을까?
30084,[추천] 손 없는 날 알려줘
30083,[추천] 내 운명 지금 어디 있을까?
29994,90초만에 감정 롤러코스터에서 벗어나는 방법
29989,그 사람도 날 좋아할까?
29819,솔로 연애운 보고 하트 5개 받기❤️
29803,6월 나의 지갑은 안전할까요?
29795,"[무료타로] 그 사람, 내게 관심일까? 호감일까?"
29787,"STEP1 사이드잡, 뭘 해야 할까?"
29786,그녀는 어떻게 유퀴즈에 출연했을까?
29587,오늘 하루 나의 감정은?
29524,"냥냥과 수다 떨기 (feat. 오늘 고민 상담, 연애)"
28975,Prada
28974,Saint Laurent
28973,Chanel
28972,Hermes
28971,Louisvuitton
28968,나만의 퍼스널 브랜드 찾기
28899,[3인] 2023년 하반기 운세 보고서
28811,ENTP남과 수다떨기
28810,ENTP 호감도 확인하기
28805,ENTP 필승 공략법
28803,ENTP 유혹하기: 3단계 [술자리]
28802,ENTP 유혹하기: 2단계 [식사]
28801,ENTP 유혹하기: 1단계 [연락]
28388,그 사람의 진심 -짝사랑 편-
28375,[무료 진단] 재회를 원해?
28178,검정색 위주로 작업하는 이유가 있나요? (GPT)
28038,오늘의 운세
27729,"내 사주의 천생연분, 어떤 사람일까? | 유타"
27728,그 사람도 날 좋아할까? | 유타
27727,D-DAY 타로: 솔로 탈출까지 며칠 남았을까? | 유타
27482,[무료] 그 사람은 나에게 호감이 있을까?
27476,인연을 만날 수 있는 행운의 시기 알기
27475,"[무료타로] 그 사람, 연락이 올까?"
27415,S전자 VS 네카라: 내 사주는 어디에 더 맞을까?_결제
27380,별자리
27323,좋아하는 책/영화가 궁금해요.
27322,작가가 되려면 어떻게 해야 하나요?
27321,전시 일정이 궁금해요.
27320,하루 루틴이 궁금해요.
27317,작품을 구매할 수 있나요?
27316,예술을 업으로 삼아도 괜찮을까요?
27315,어디에서 영감을 얻는 편인가요?
27310,검정색 위주로 작업하는 이유가 있나요?
27283,[연애운] 이성들이 느끼는 나의 매력과 이미지🩷
27278,내일의 운세!
27221,[무료]즉문즉답😢후회편
27196,심층 궁합: 그 사람과 사귀면 어떨까? | 타로즈
27193,선택 타로: 이 사람 계속 만나도 될까? | 타로즈
27188,그 사람 속마음 [심화편] | 타로아
27185,D-DAY 타로: 솔로 탈출까지 며칠 남았을까? | 타로즈
27182,D-DAY 타로: 솔로 탈출까지 며칠 남았을까? | 타로아
27180,ab 가격 테스트 샘플 메뉴_결제
27179,ab 가격 테스트 샘플 메뉴
27151,2023년 띠별 신년 운세
27150,오늘의 행운룩
27149,친구와의 우정궁합
27148,오늘의 솔로 연애운
27147,오늘의 행운지수
27146,이번 여행운은 어때?
27145,직장생활 어떨까
27118,[무료]재미한장😉너의 생각편
26806,[무료]즉문즉답💜재회편
26781,놓치지 말아야 할 대운이 다가오고 있네요.
26780,"아, 당신의 미래 배우자를 보고 있었습니다."
26778,천생연분이 궁금하세요?
26770,"출근길, 너의 맑은 눈을 지켜줄 Playlist"
26756,❤️이번주 연애운 흐름을 알려드려요
26753,[무료]즉문즉답🤔행동편
26750,[무료]즉문즉답💏궁합편
26612,[무료타로] 당신의 운세를 알려줄게요.
26588,"[사전 예약] 결혼 우울증, 부부 관계 진단"
26553,[사전 예약] 사주로 보는 작명/개명: 나도 이름 바꾸면 팔자 필까?
26552,[사전 예약] 사주로 보는 N잡 설계: 나도 N잡으로 대박날 수 있을까?
26520,[사전 예약] 사주로 보는 심리: 삶이 공허한 이유와 해결책은?
26516,[사전 예약] 사주로 보는 인생: 근묘화실(根苗花實)로 보는 내 생애는?
26508,[무료] 너의 이번주 운세를 알아볼게!
26503,[사전 예약] 운BTI:십성(十星)으로 본 찐성격
26496,[무료]즉문즉답🥰연애편
26444,"그 사람, 앞으로 나에게 어떻게 행동할까?"
26434,그 사람 아직 나한테 미련 있을까?
26433,짝사랑하는 상대방의 속마음은?
26402,오행박사가 알려주는📢 내 오행 궁금하지 않으세요?
26376,(추천할인) 내 사주의 은퇴 설계: 조기 은퇴 가능 시기는?
26373,[무료] 너의 연애 꿀팁을 알려줄게!
26362,우리 아이 걱정 상담소
26361,우리 우정의 장애물은?
26293,[무료] 너의 이번 주 운세를 알려줄게!
26290,설타로봇 시식코너 (무료)
26287,오늘의 운세를 확인해 보자
26254,[무료]타로한장🃏하루운세
26235,나도 재회가 가능할까?😢
26203,"그 사람, 지금 현재 내 생각하고 있을까"
26157,재미로 보는 오늘의 운세!
26127,[무료타로] 그 사람을 만날 때 너에게 어울리는 색깔
26035,[무료입니다] 당신의 행운의 컬러 알아보세요❤
26030,[무료타로] 언니가 내일의 운세를 봐줄게!
26029,[무료타로] 언니가 연애 조언해 줄게!
2596,오늘의 행운지수
2594,오늘의 한 문장
2590,오늘 언제 잘까
2588,아무냥 비밀코드 입력
25830,지금 이 순간 나에게 필요한 조언점
25794,이번주 전체운
25793,2023년 8월 연애운
25742,그 사람이 보는 나의 이미지
25728,Learn how she feels
25727,그 사람의 연애 스타일
25646,2023년 별자리 사계절 신년운세
25641,결과이미지 변환 테스트용 스킬
25632,너의 연애를 응원해!
25631,개강 후 만나게 될 운명의 상대는?
25624,우리 결혼한다면 어떨까?
25623,다시 만날 수 있을까
25616,그 사람 얼마나 잘 지낼까?
25605,1년 뒤 그 사람과 무슨 사이일까?
2554,마이너 카드 숫자별 설명
25532,우울할 때 보는 긍정의 확언
2552,카드별 강의
25455,샘플 고정 메뉴
2534,마이너 상징 설명
2516,외식하러 왔는데...
2514,최애 누구로 할까
25100,혜자로운 마음처방전 : 공감과 위로를 선물해 줄게 :)
25099,귀열어라 팩폭 들어간다 : 마녀는 거짓말을 못하지
2500,나만의 아무냥 입양하기
2499,오늘의 꽃점
2497,데이트 코스 추천
24968,연애탐구생활: 직업별 데이트
2496,오늘의 행운카드 뽑기
2493,일 중독 진단
2490,광고보고 유리병 라디오 radio 듣기
2484,오늘의 운새
24837,아이돌 메이커
24836,(라마마 추천)내 사주의 연애와 결혼: 운명의 두 사람
24780,MBTI 소개팅 19+
24773,2023년 나에게 찾아올 12가지 행운 | 하바별타
24771,2023년 나에게 찾아올 12가지 행운 | 유니콘타로
2477,쿠쿠키키에게 간식 주기
24769,2023년 나에게 찾아올 12가지 행운 | 타로아브니
24766,(추천할인) 애인이 있어도 외로운 이유는?
24763,그 사람 속마음 [심화편] | 타로아델
24760,D-DAY 타로: 솔로 탈출까지 며칠 남았을까? | 라망타로
24759,2023년에 우리 사이 어떨까? | 하바별타
24757,2023년에 솔로 탈출할 수 있을까? | 유니콘타로
24755,2023년에 솔로 탈출할 수 있을까? | 타로아브니
24753,2023년에 솔로 탈출할 수 있을까? | 라망타로
24749,크리스마스에 나와 데이트할 사람은?
24655,2022 [완성판] 트렌드어워드 신조어 테스트
2462,20문 20답
2451,바다와 수다떨기
2450,사투리 욕 퀴즈
2447,풀리피 수다 떨자
2444,말할까 말까
2443,나이 오지라퍼 등장
24407,우울증 시그널: 나의 외로움 지수는?
2440,오늘 같이 보고 싶은 드라마
2438,미니게임 - 방탈출
2437,아무 이름 짓기
2436,안물안궁인데...
2435,러브게임 - 두근두근 소개팅
2434,눈은 왜 오는거야
2433,오늘의 유잼 개그
2431,계절학기...
2430,2022 새해 첫 곡
2423,오늘의 행운 장소
2420,아파서 화가나
2412,판밍밍과 수다 떨기
2411,시로와 수다떨기
2410,술게임 뭐 할까
2402,다노박에게 투표해주기
24002,초딩이랑 놀기
23994,스타일 고르기
23990,연인과 아직도 어색한 게 고민이라면?
23984,MBTI 운동추천
2398,풀리피의 선물 ☘️ 2022년 수능 대박 기원 타로
23972,오동통 이탈리아
2397,속풀이 노래방
23969,그림그려드려오
2396,결단력 테스트
23944,아빠 생신선물 추천
23942,"Hello, World!"
2394,새새 나랑 수다 떨자
2393,바비와 수다 떨기
23926,헛냥이 헛이야기 듣기
23923,헛냥이와 잡담
23922,그 사람이 너를 좋아하지 않는 이유
2392,대학 입시 정말...
23914,내 MBTI에 어울리는 언어는?
2391,거절 하고 싶어
2390,착한 사람 증후군 진단
2389,성격 파탄자가 있어
2388,철벽 뚫고 데이트
2384,날 괴롭히는 사람...
2383,오늘의 최애 덕질 운세
2382,술자리 진상이 있어
2379,고민따라 당 처방
23779,2023년 띠별 신년 운세
2377,썸타는 이 사람
2374,나갈까 말까
2371,떡 만들기 퀴즈
2369,얼씨구 소개
2368,얄미운 사람이 있어
2367,완벽주의 진단
2364,건망증 때문에
2361,밉상 퇴치하기
2359,정성 가득 덕담레터
2355,공부하는거...
2350,수다떨자
2342,대중교통 진상 욕하기
2340,오늘의 반려동물 컨디션
2339,오늘의 행운 색
2325,학교 생활이...
23185,2023년 솔로 탈출 시기 오픈 연기 안내
23054,(추천할인) 2023년 황금기와 암흑기: 재운 풀이
2302,무조건 고르기
2301,나 알바 중인데...
2300,오늘 같이 읽고 싶은 시
2297,생리현상 짜증나
22921,(추천할인) 필승 연애 성공법: 타고난 오행 풀이
2289,공공장소 민폐 욕하기
2285,연애중인데 화가 나
2284,영어 줄임말 퀴즈
2282,행운의 편지
22794,사주팔자란 무엇인가요?
22793,공대생 오빠가 사주팔자를 본다?!
2279,건강 스무디 레시피
2278,오늘 같이 보고 싶은 영화
2277,오늘 같이 읽고 싶은 책
2276,오늘 같이 듣고 싶은 노래
2274,직장 사람...
2264,탄생화 풀이
2261,이 대학 사람...
2260,대학 공부...
22592,☯️사전예약 ☯️2023년 신년운세 보고서
2259,별자리 수호성
2258,고대 신조어 모의고사
2255,다이어트 정말 힘들어
2254,말하는 대로 된다 훈련
2252,손 없는 날 알려줘
2247,신조어 모의고사 1급
2246,신조어 모의고사 2급
2245,꼰대가 있어
2244,싸가지가 있어
2243,별자리 외모 분석
2242,맞춤 영양제 추천
2241,오늘 뭐입지
22393,[CRM 히든] 건물주
2233,버릴까 말까
22329,🎟내 사주의 악인 깜짝 할인 쿠폰🎟
22328,MBTI 소개팅
2230,위로해줘
2229,맞춤법 대결 1탄
2226,싫은 사람에게 편지쓰기
2225,오늘의 TMI
2224,좋아하는 사람
22231,(추천할인) 내 사주에 건물 있을까?
2221,로또 행운 번호 뽑기
22163,새 스킬 보고 하트 1000개 받기❤️
22129,🎟천기누설 헬로우봇 궁합 할인 쿠폰🎟
2212,신발 사이즈 뭐 살까
2211,자존감 회복 - 위로 받기
2210,자존감 진단
2209,다이어트 중 먹을까 말까
2207,이 물건 살까 말까
2205,월경전 증후군 진단
22031,🎟더위 사냥 깜짝 할인 쿠폰🎟
2201,하루 하나
22000,❤️하트가 팡팡❤️ 행운의 사다리
2194,궁구미의 편지
2191,차례상 퀴즈
2188,친척 호칭 퀴즈
21865,궁합 맛집 헬로우봇 특별 할인전💝
2186,명절 랜덤 인사말
2184,오지라퍼
2183,알코올 사용장애 진단
2181,꿈
2180,어렸을 때
2178,좋아하는 것 소개하기
21733,라마마의 연애 고민 상담소
2173,오늘의 일기
2172,화병 진단
21706,[행운 룰렛] 2022년 7월 운세 보고서
21705,[행운 룰렛] 사주로 보는 재물운
21704,[행운 룰렛] 사주로 보는 성격유형
21700,무조건 당첨! 행운의 룰렛🍀
2168,날씨 욕하기
2163,오늘 뭐먹지
2162,전애인 정말...
21601,무조건 당첨 행운의 룰렛 한 번 더
2158,탄생석 풀이
21535,하반기 목표 세우고 선물 받기
21503,🎟2022년 하반기 운세 보고서 비밀 쿠폰🎟
2144,오늘의 부부 애정운
21436,당신의 이상형에게 투표하세요🗳
2135,내 직장 상사가...
2134,심호흡 연습
2133,싫은 사람 욕하기
21238,✨사전예약 ✨ 2022년 하반기 운세 보고서
21152,(추천할인) 부자 될 수 있을까?: 내 재물운 활용법
20975,풀리피에게 어린이날 선물 받기
20812,(블랙데이 할인) 할인 스킬 태그 페이지
20776,흑마마와 퀴즈 풀고 선물 받기
20644,진짜 운명 몇 번째_추천할인
20578,라마마의 나쁜 기억 환전소
20215,혼자와도 외로움을 채워주는 친구
20184,스킬스토어 앱 설치 1회 한정 무료 운세
20149,세계 판다의 날 축하하기
20053,2022 헬로우봇 인기 투표 결과 발표
20018,화이트데이 EVENT 100% 당첨 룰렛🍭
19951,2022 헬로우봇 인기 투표
19819,"""개운법 완수"" 적고 보너스 하트 받기"
19753,라마마에게 초콜릿 선물 받기🍫
19588,운세 기프트샵: 복 받아라 친구야!
19555,복주머니 열고 세뱃돈 받기
19370,🎄크리스마스 스페셜 쿠폰🎄
19365,손금으로 보는 내 전생🖐
19357,러브게임
19318,🚨2021 헬로우봇 블랙프라이데이🚨
19314,수능 보느라 고생했어! 라마마의 선물🎁
19311,🎟신년운세 보고서 비밀 쿠폰🎟
19301,지그재그에서 왔어
19298,행운의 쿠키 뽑기
19266,내가 막대과자라면?
19263,나의 소울에이지는 몇살? (10월 19일 ~ 25일) 생
19262,🎃할로윈 룰렛 돌리기 EVENT🎃
19230,🚨 필독 🚨 2022년 신년운세 보고서 오픈일 변경
19229,할로윈 라마마가 사라졌다!
19225,나의 소울에이지는 몇살? (10월 11일 ~ 18일생)
19222,🎉 사전예약 🎉 2022년 신년운세 보고서
19220,나의 소울에이지는 몇살 (10월3일~ 10일생)
19219,시로와 떠나는 시간여행
19216,나의 소울에이지는 몇살 (9월 25일 ~ 10월 2일)
19214,나의 소울에이지는 몇살? (9월19일~ 24일생)
19212,내가 만약 로판 주인공이라면?
19210,나의 소울에이지는 몇살? (9월11~18일생)
19204,나의 소울에이지는 몇살? (9월3일~ 10일생)
19195,[굿즈 Event] 판밍밍 오행 키링 쿠폰
19193,나의 소울에이지는 몇살?(8.26~9.2일 생)
19182,나의 소울에이지는 몇살?(8.19~ 8.25일 생)
19181,나의 소울에이지는 몇살? (8.11~8.18일 생)
19179,내 매력 테스트: 그림으로 그려줄게🎨
19175,나의 소울에이지는 몇살? (8.3~ 8.10일 생)
19172,나의 플러팅력 테스트
19171,나의 소울에이지는 몇살? ( 7.26 ~ 8.2일 생)
19160,나의 소울에이지는 몇살?(7.19~ 25일 생)
19159,#헬로우봇후기챌린지
19128,강점과 적성
19117,四柱推命で見る今日の運勢
19112,今日のラッキー度
19111,私って鉄壁…？！：ガードの堅さ診断
19109,今週の運勢
19106,ハズレ無し❤️ドキドキあみだくじ
19096,明日の運勢
19094,元恋人…やっぱり腹立つ！
19093,나의 소울에이지는 몇살? ( 7.11~ 7.18 생일)
19088,ピンチな状況であなたはどうなる？：MBTI別診断
19087,気落ちがふらふら…：浮気心診断
19087,気持ちがふらふら…：浮気心診断
19086,何となく寂しいは危険？！：人恋しさ診断
19081,もう冷めちゃったのかな…：倦怠期診断
19080,짝남이랑 사귈 수 있을까? : 고백 성공률 계산기
19077,この気持ち…好きなのかわからない！：気持ち診断
19076,蛙化現象診断
19076,何で急に引いちゃうんだろう？：蛙化現象診断
19075,ラママと勝負！じゃんけんゲーム✌️✊🖐
19058,広告を見てタロット占いを無料で👀✨
19056,出席チェック「ボーナスハート」をゲット！
19056,出席して「ボーナスハート」をもらう
19056,出席して「ボーナスハート」をゲット
19043,３ヶ月以内に仕事が決まるかな？
19037,{{システム_今何月}}月の運勢
19037,{{시스템_지금몇년}}年{{시스템_지금몇월}}月の運勢
19037,{{システム_今何年}}年{{システム_今何月}}月の運勢
19034,職場の上司が…
19034,成敗！職場のパワハラ上司
19033,バイトイラっとあるある
19033,バイト中に…
19027,나의 소울에이지는 몇살? (6.25~7.2) 생일
19023,勉強ストレス発散
19023,勉強のストレス発散
19023,勉強のストレス…
19021,イライラ砕き
19021,イライラ砕き
19021,イライラ砕きセラピー
19018,私に向いてる職業と能力は？
19014,今私に想いを寄せてる人はいる？
19013,私にぴったりなダイエット法は？
19013,あなたにぴったりのダイエットは？
19012,판밍밍과 하반기 운세 보기💪
19011,嫌いなやつがおるんやけど
19011,ムカつくアイツの愚痴大会
19011,【怒り代行】 嫌いな人がいるで！
19008,스플이 궁금해!
19000,[D-DAY]라마마 배지 선물받기
18999,오늘의 심리체크
18998,성격리포트 부적
18996,마이너 카드 숫자별 설명
18995,마이너 상징 설명
18994,카드별 강의
18989,ラママと勝負！ジャンケンゲーム
18989,ラママと勝負！ジャンケンゲーム
18983,오늘은 내가 주인공 17화
18979,한정판 굿즈 구경하기 (미노출)
18976,취준생이라면
18974,내 운명의 상대 + 2021 금성궁 연애운 그래프
18973,오늘은 내가 주인공 11화
18972,오늘은 내가 주인공 10화
18968,달퀴즈 - 달잘알을 찾아라!
18967,라마마 무물방 연결
18966,테스트 그룹
18963,深呼吸練習
18963,深呼吸練習
18961,<달달한 그놈> 보러 가기
18960,인생 피는 개운법 풀이🔑
18956,오늘의 짤출석 GIF - 치우
18954,오늘의 짤출석 GIF - 머루
18941,루피 진단
18935,스토리
18930,恋に落ちるコーチングプログラム（4週コース）
18930,恋に落ちるコーチングプログラム（4週コース）
18928,私って君のこと好きかな?：気持ち診断
18928,썸학기 패키지 + 굿즈 10% 쿠폰 🎟️
18927,あなたをチョコレートにすると？
18927,あなたをチョコレートにすると？
18926,과거에서 온 편지
18925,상담사 선생님께 상담을 받고 싶어요
18924,알코올 사용장애 진단
18922,우울지수 진단
18918,3カード：私の運は今上昇中 vs 下降中？
18916,내 상태 바로 체크해보기
18912,同い年 vs 年上 vs 年下
18910,내가 초콜릿이라면?
18908,MBTI 코시국 극복 유형
18905,내가 소설 속 여주인공이라면?
18902,술비티아이 테스트
18900,나의 숨은 덕후 본능은?
18898,6カード：3ヶ月以内には恋人できるかな？
18896,{{名前}}の2021新年運勢
18895,뉴즈의 내 크리에이티브 유형 찾기
18865,{{名前}}の性格に似てるタロットカードは？
18865,{{名前}}の性格に似てるタロットカードは？
18864,告白してもいいかな？：告白成功率診断
18860,3カード：恋に落ちるためには？
18858,恋人ができるタイミング
18857,3カード：この片思い、叶うかな？
18856,4カード: {{名前}}の4月運勢
18855,ハローボットチュートリアル
18855,ハローボットチュートリアル
18854,今日のデートコースおすすめ
18854,今日のデートコースおすすめ
18850,私たちが別れたら
18849,今別れてもいい？
18846,私たちのスキンシップ相性
18844,この遠距離恋愛の行方は？
18841,片思いを諦められない理由
18840,片思いを忘れる方法
18837,뉴즈의 스트레스 상담소
18835,自分に合うダイエット方法
18834,今やってること続けてもいい？
18833,今日の悩みOXタロット
18833,今日の悩みOXタロット
18832,정월대보름 덕담 편지
18823,{{이름}}[[이의/의]] 네이탈 차트 Natal Chart
18822,대경대학교 심리 진단
18821,신년 목표 달성 챌린지: 작심 30일
18820,"새해 복, 새 행복! 랜덤 시 덕담"
18818,친구에게 새해 카드 보내기
18816,인간관계 속 본캐 컬러는?
18815,당신의 회사용 부캐는 무엇인가요?
18814,나의 인스타와 찰떡인 포토스팟은?
18813,현지인 테스트
18811,밥상 테스트
18809,자존감 테스트
18808,나를 원하는 대기업은 어디?
18804,조선시대 직업 테스트
18803,나와 닮은 빌보드 스타는?
18801,당신이 아이돌이 된다면?
18800,나와 닮은 세계의 리더들
18799,내 챗봇 만드는 법
18798,전생집 테스트
18797,인간관계 속 본캐 컬러는?
18796,시로의 부캐테스트
18795,나의 인스타와 찰떡인 포토스팟은?
18794,당신의 회사용 부캐는 무엇인가요?
18793,현지인 테스트
18791,네 성격에 딱 맞는 부자 되는 법 추천해줄까?
18790,2022년 띠별 신년운세
18788,나와 닮은 세계의 리더들
18787,무의식 속 숨은 동물 찾기
18786,조선시대 직업 테스트
18785,동물로 알아보는 연애 유형 테스트
18784,밥상테스트
18783,나를 원하는 대기업은 어디?
18782,스타트업 적성검사
18781,썸 추진력 테스트
18780,자존감 테스트
18778,핵심능력테스트
18777,전생집 테스트
18776,나와 닮은 빌보드 스타는?
18775,당신이 아이돌이 된다면?
18774,오늘부터 습관 기르기
18773,나와 맞는 회사는 어디일까?
18769,온보딩 시나리오
18762,現在片思い中なら…
18762,現在片思い中なら…
18760,今日の金運
18760,今日の金運
18759,今日のラッキー指数
18759,今日のラッキー指数
18758,今日の運勢
18758,今日の運勢
18750,日替わりお茶葉運
18750,今日の紅茶占い🌿
18743,連絡キット：連絡が取れない理由＋連絡してもいい？
18739,全体星座相性チャート
18739,全体星座相性チャート미노출
18739,12星座相性チャート
18738,星座パートナー相性
18731,네 성격에 맞는 프로그램을 추천해줄까?
18730,🎃 할로윈 EVENT 100% 당첨 룰렛
18728,달달한 보관함
18727,자살 위험성 진단
18717,재회테스트 - 전애인과 다시 만날 수 있을까?
18712,나를 위한 문장 큐레이션
18710,출발! 추팔 열차 테스트
18697,솔탈 성향 테스트
18666,그 사람 연애성향 분석표
18663,금전 코칭 프로그램 (3주 코스)
18662,할로윈 부캐 찾기 테스트
18658,분노 조절 코칭 프로그램 (3주 코스)
18656,그 사람 잊을 수 있을까? - 마음 정리 프로젝트
18655,솔로 탈출 코칭 프로그램 (4주 코스)
18652,직장생활 코칭 프로그램 (10일 코스)
18651,비대면 짝사랑 심층 상담 (3주 코스)
18650,오늘 행운을 가져다줄 성씨
18645,찰떡 클럽 테스트
18644,뉴즈의 미래일기 쓰기
18640,오늘의 주식운
18636,오늘의 바이오리듬
18633,오늘의 짤출석
18568,웹드라마 <달달한 그놈> 소개
18566,달달한 보이스 채팅
18565,오늘은 내가 주인공 - 달달한 그놈
18435,위기상황 성격유형 테스트
18434,그 사람 내 뒤통수 칠까?
18338,내 집 근처에는 어떤 재밌는 프로그램이 있을까?
18336,정신차리고 싶은 당신을 위한 일침!
18303,스튜디오 가이드
18235,나의 소울에이지는 몇살?(6.19~6.24생일)
18169,내가 유튜버가 된다면?
18151,나의 소울에이지는 몇살?(6.11~6.18생일)
18149,나의 소울에이지는 몇살?(6.3~6.10생일)
18143,나의 소울에이지는 몇살?(5.25~6.2생일)
18137,외로움 유형 분석
18107,나의 소울에이지는 몇살?(5.19~5.24생일)
18103,나의 소울에이지는 몇살?(5.11~5.18생일)
17973,나의 소울에이지는 몇살?(5.3~5.10생일)
17938,나의 소울에이지는 몇살?(4.25~5.2생일)
17740,나의 소울에이지는 몇살?(4.19~4.24생일)
17642,내 성격 + 네 성격 + 성격궁합
17575,나의 소울에이지는 몇살?(4.11~4.18생일자)
17509,사회적 거리두기 유형 진단
17476,나의 소울에이지는 몇살?(4.3~4.10생일자)
17377,이상형 완벽 분석
17311,끝말잇기할 친구 연결해줘
17146,나의 소울에이지는 몇살?(3.25~4.2생일자)
17080,나의 소울에이지는 몇살?(3.19~3.24생일자)
16981,나의 소울에이지는 몇살?(3.11~3.18생일자)
16915,글램행성 바로 가기
16750,나의 소울에이지는 몇살?(3.3~3.10생일자)
16684,연애박사 글램은 누구?
16652,연애스타일 테스트
16519,이것만 있으면 내가 라마마
16486,나의 소울에이지는 몇살?(2.16~2.22생일자)
16485,나의 소울에이지는 몇살?(2.8~2.15생일자)
16484,라마마가 대신 전해드립니다
16475,나의 소울에이지는 몇살?(1.31~2.7생일자)
16466,라마마 소개팅룩 골라주기
16464,나의 소울에이지는 몇살?(1.23~1.30생일자)
16463,나의 소울에이지는 몇살?(1.17~1.22생일자)
16451,출석 체크 하고 보너스 하트 받기
16448,나의 소울에이지는 몇살?(1.10~1.16생일자)
16445,나의 소울에이지는 몇살?(1.3~1.9생일자)
16439,나의 소울에이지는 몇살?(12.19~12.25생일자)
16438,나의 소울에이지는 몇살?(12.26~1.2생일자)
16412,광고보고 랜덤타로 뽑기
16411,광고보고 랜덤스킬 뽑기
16408,광고보고 랜덤타로 뽑기
16397,나의 소울에이지는 몇살?(12.11~12.18생일자)
16382,광고보고 새새랑 욕 연습하기
16380,나의 소울에이지는 몇살?(12.3~12.10생일자)
16374,반려동물 키우는 사람친구 만날래
16373,사람 친구에게 고민 상담받기
16370,사람 친구와 수다 떨기
16369,"선택 고민, 살까말까, 뭐먹을까"
16368,친구에게 고민 상담하고 싶어
16367,사람 친구에게 고민 상담 받기
16366,사람 친구와 유잼 배틀
16358,학교 스트레스 나누기
16354,나의 소울 에이지는 몇살?(11.25~12.2 생일자)
16352,연애상담 받고 싶어
16264,나의 소울 에이지는 몇살?(11.19~11.24생일자)
16261,모든 별자리 궁합 차트
16243,지금 날 좋아하는 사람 + 그 사람 속마음
16238,바다야
16228,찻잎으로 보는 오늘의 운세
16225,수정구슬에게 물어봐
16224,"위로가 필요한 날, 음악 선물"
16182,점토 뽀개기
16150,사람 친구에게 인생 상담 받기
16131,층간 소음 괴로워
16127,젊음의 물약..?
16125,온천 가자
16123,목욕할까?
16121,샤워하자
16119,마스크팩 할 시간!
16117,치카해야지
16115,어푸하자
16113,칭찬 스티커 붙여줄게
16111,용돈 줄게
16109,궁디팡팡
16107,손바닥에 하트 뿅
16105,털 빗자
16103,편지 써줄게
16101,이름 불러볼까
16099,칭찬해줄게
16097,이리와 안아줄게
16095,뽀뽀!
16093,쓰담쓰담
16091,하이파이브!
16089,사랑해❤️
16087,캣타워에서 놀자
16085,게임기 해도 돼
16083,쥐돌이 돌아다녀
16081,레이저 나온다!
16079,쎄쎄쎄🎵
16077,골프 치러 갈까?
16075,고급 캣타워야
16073,스티커사진 찍을래?
16071,영화 보러 가자
16069,숨바꼭질 할 시간!
16067,박스 들어갈래?
16065,댄스타임🎵
16063,뜨개질 해보자
16061,스크래쳐 할래?
16059,쇼핑백 여기있어
16057,털실 가지고 놀자
16055,오뎅꼬치 줄게
16053,프라푸치노 마실래?
16051,잠옷 입자
16049,마약 방석 여기있어
16047,풀리피 세어보자
16045,난로 켜줄게
16043,핫초코 마셔봐
16041,안마의자 앉을래?
16039,스파할 시간이야
16037,책 읽어줄게
16035,안대 씌워줄게
16031,홍삼 먹어
16029,캣닢 솔솔
16027,담요 덮어줄게
16025,자장가 불러줄게
16023,식빵 구울까?
16021,발마사지 해줄게
16019,연어회 타임
16017,스테이크 해줄게
16015,달고나 먹을까?
16013,햄버거 먹자!
16011,밀크셰이크 줄게
16009,삼계탕 먹을래?
16007,별사탕 먹자
16005,이유식 만들어 줄게
16003,치맥 먹자
16001,오징어 구워줄까?
15999,고등어 정식 해줄게
15995,츄릅 줄게
15993,우유 마셔
15991,사료 먹을까?
15989,상태명 바꿔줄게
15985,아무냥 지금 어때?
15983,작별 인사하기
15981,알 부화시킬래
15979,아무냥 색칠할래
15977,광고보고 출석 도장 찍을래
15965,온천 가자
15963,목욕할까?
15961,샤워하자
15959,마스크팩 할 시간!
15957,치카해야지
15955,어푸하자
15953,칭찬 스티커 붙여줄게
15951,용돈 줄게
15949,궁디팡팡
15947,손바닥에 하트 뿅
15945,털 빗자
15943,편지 써줄게
15941,이름 불러볼까
15939,칭찬해줄게
15937,이리와 안아줄게
15935,뽀뽀!
15933,쓰담쓰담
15931,하이파이브!
15929,사랑해❤️
15927,캣타워에서 놀자
15925,게임기 해도 돼
15923,쥐돌이 돌아다녀
15921,레이저 나온다!
15919,쎄쎄쎄🎵
15917,골프 치러 갈까?
15915,고급 캣타워야
15913,스티커사진 찍을래?
15911,영화 보러 가자
15909,숨바꼭질 할 시간!
15907,박스 들어갈래?
15905,댄스타임🎵
15903,뜨개질 해보자
15901,스크래쳐 할래?
15899,쇼핑백 여기있어
15897,털실 가지고 놀자
15895,오뎅꼬치 줄게
15893,프라푸치노 마실래?
15891,잠옷 입자
15889,마약 방석 여기있어
15887,풀리피 세어보자
15885,난로 켜줄게
15883,핫초코 마셔봐
15881,안마의자 앉을래?
15879,스파할 시간이야
15877,책 읽어줄게
15875,안대 씌워줄게
15871,홍삼 먹어
15869,캣닢 솔솔
15867,담요 덮어줄게
15865,자장가 불러줄게
15863,식빵 구울까?
15861,발마사지 해줄게
15859,연어회 타임
15857,스테이크 해줄게
15855,달고나 먹을까?
15853,햄버거 먹자!
15851,밀크셰이크 줄게
15849,삼계탕 먹을래?
15847,별사탕 먹자
15845,이유식 만들어 줄게
15843,치맥 먹자
15841,오징어 구워줄까?
15839,고등어 정식 해줄게
15835,츄릅 줄게
15833,우유 마셔
15831,사료 먹을까?
15829,상태명 바꿔줄게
15825,아무냥 지금 어때?
15823,작별 인사하기
15821,알 부화시킬래
15819,아무냥 색칠할래
15817,광고보고 출석 도장 찍을래
15805,온천 가자
15803,목욕할까?
15801,샤워하자
15799,마스크팩 할 시간!
15797,치카해야지
15795,어푸하자
15793,칭찬 스티커 붙여줄게
15791,용돈 줄게
15789,궁디팡팡
15787,손바닥에 하트 뿅
15785,털 빗자
15783,편지 써줄게
15781,이름 불러볼까
15779,칭찬해줄게
15777,이리와 안아줄게
15775,뽀뽀!
15773,쓰담쓰담
15771,하이파이브!
15769,사랑해❤️
15767,캣타워에서 놀자
15765,게임기 해도 돼
15763,쥐돌이 돌아다녀
15761,레이저 나온다!
15759,쎄쎄쎄🎵
15757,골프 치러 갈까?
15755,고급 캣타워야
15753,스티커사진 찍을래?
15751,영화 보러 가자
15749,숨바꼭질 할 시간!
15747,박스 들어갈래?
15745,댄스타임🎵
15743,뜨개질 해보자
15741,스크래쳐 할래?
15739,쇼핑백 여기있어
15737,털실 가지고 놀자
15735,오뎅꼬치 줄게
15733,프라푸치노 마실래?
15731,잠옷 입자
15729,마약 방석 여기있어
15727,풀리피 세어보자
15725,난로 켜줄게
15723,핫초코 마셔봐
15721,안마의자 앉을래?
15719,스파할 시간이야
15717,책 읽어줄게
15715,안대 씌워줄게
15711,홍삼 먹어
15709,캣닢 솔솔
15707,담요 덮어줄게
15705,자장가 불러줄게
15703,식빵 구울까?
15701,발마사지 해줄게
15699,연어회 타임
15697,스테이크 해줄게
15695,달고나 먹을까?
15693,햄버거 먹자!
15691,밀크셰이크 줄게
15689,삼계탕 먹을래?
15687,별사탕 먹자
15685,이유식 만들어 줄게
15683,치맥 먹자
15681,오징어 구워줄까?
15679,고등어 정식 해줄게
15675,츄릅 줄게
15673,우유 마셔
15671,사료 먹을까?
15669,상태명 바꿔줄게
15665,아무냥 지금 어때?
15663,작별 인사하기
15661,알 부화시킬래
15659,아무냥 색칠할래
15657,광고보고 출석 도장 찍을래
15645,온천 가자
15643,목욕할까?
15641,샤워하자
15639,마스크팩 할 시간!
15637,치카해야지
15635,어푸하자
15633,칭찬 스티커 붙여줄게
15631,용돈 줄게
15629,궁디팡팡
15627,손바닥에 하트 뿅
15625,털 빗자
15623,편지 써줄게
15621,이름 불러볼까
15619,칭찬해줄게
15617,이리와 안아줄게
15615,뽀뽀!
15613,쓰담쓰담
15611,하이파이브!
15609,사랑해❤️
15607,캣타워에서 놀자
15605,게임기 해도 돼
15603,쥐돌이 돌아다녀
15601,레이저 나온다!
15599,쎄쎄쎄🎵
15597,골프 치러 갈까?
15595,고급 캣타워야
15593,스티커사진 찍을래?
15591,영화 보러 가자
15589,숨바꼭질 할 시간!
15587,박스 들어갈래?
15585,댄스타임🎵
15583,뜨개질 해보자
15581,스크래쳐 할래?
15579,쇼핑백 여기있어
15577,털실 가지고 놀자
15575,오뎅꼬치 줄게
15573,프라푸치노 마실래?
15571,잠옷 입자
15569,마약 방석 여기있어
15567,풀리피 세어보자
15565,난로 켜줄게
15563,핫초코 마셔봐
15561,안마의자 앉을래?
15559,스파할 시간이야
15557,책 읽어줄게
15555,안대 씌워줄게
15551,홍삼 먹어
15549,캣닢 솔솔
15547,담요 덮어줄게
15545,자장가 불러줄게
15543,식빵 구울까?
15541,발마사지 해줄게
15539,연어회 타임
15537,스테이크 해줄게
15535,달고나 먹을까?
15533,햄버거 먹자!
15531,밀크셰이크 줄게
15529,삼계탕 먹을래?
15527,별사탕 먹자
15525,이유식 만들어 줄게
15523,치맥 먹자
15521,오징어 구워줄까?
15519,고등어 정식 해줄게
15515,츄릅 줄게
15513,우유 마셔
15511,사료 먹을까?
15509,상태명 바꿔줄게
15505,아무냥 지금 어때?
15503,작별 인사하기
15501,알 부화시킬래
15499,아무냥 색칠할래
15497,광고보고 출석 도장 찍을래
15487,젊음의 물약..?
15485,온천 가자
15483,목욕할까?
15481,샤워하자
15479,마스크팩 할 시간!
15477,치카해야지
15475,어푸하자
15473,칭찬 스티커 붙여줄게
15471,용돈 줄게
15469,궁디팡팡
15467,손바닥에 하트 뿅
15465,털 빗자
15463,편지 써줄게
15461,이름 불러볼까
15459,칭찬해줄게
15457,이리와 안아줄게
15455,뽀뽀!
15453,쓰담쓰담
15451,하이파이브!
15449,사랑해❤️
15447,캣타워에서 놀자
15445,게임기 해도 돼
15443,쥐돌이 돌아다녀
15441,레이저 나온다!
15439,쎄쎄쎄🎵
15437,골프 치러 갈까?
15435,고급 캣타워야
15433,스티커사진 찍을래?
15431,영화 보러 가자
15429,숨바꼭질 할 시간!
15427,박스 들어갈래?
15425,댄스타임🎵
15423,뜨개질 해보자
15421,스크래쳐 할래?
15419,쇼핑백 여기있어
15417,털실 가지고 놀자
15415,오뎅꼬치 줄게
15413,프라푸치노 마실래?
15411,잠옷 입자
15409,마약 방석 여기있어
15407,풀리피 세어보자
15405,난로 켜줄게
15403,핫초코 마셔봐
15401,안마의자 앉을래?
15399,스파할 시간이야
15397,책 읽어줄게
15395,안대 씌워줄게
15391,홍삼 먹어
15389,캣닢 솔솔
15387,담요 덮어줄게
15385,자장가 불러줄게
15383,식빵 구울까?
15381,발마사지 해줄게
15379,연어회 타임
15377,스테이크 해줄게
15375,달고나 먹을까?
15373,햄버거 먹자!
15371,밀크셰이크 줄게
15369,삼계탕 먹을래?
15367,별사탕 먹자
15365,이유식 만들어 줄게
15363,치맥 먹자
15361,오징어 구워줄까?
15359,고등어 정식 해줄게
15355,츄릅 줄게
15353,우유 마셔
15351,사료 먹을까?
15349,상태명 바꿔줄게
15345,아무냥 지금 어때?
15343,작별 인사하기
15341,알 부화시킬래
15339,아무냥 색칠할래
15337,광고보고 출석 도장 찍을래
15327,젊음의 물약..?
15325,온천 가자
15323,목욕할까?
15321,샤워하자
15319,마스크팩 할 시간!
15317,치카해야지
15315,어푸하자
15313,칭찬 스티커 붙여줄게
15311,용돈 줄게
15309,궁디팡팡
15307,손바닥에 하트 뿅
15305,털 빗자
15303,편지 써줄게
15301,이름 불러볼까
15299,칭찬해줄게
15297,이리와 안아줄게
15295,뽀뽀!
15293,쓰담쓰담
15291,하이파이브!
15289,사랑해❤️
15287,캣타워에서 놀자
15285,게임기 해도 돼
15283,쥐돌이 돌아다녀
15281,레이저 나온다!
15279,쎄쎄쎄🎵
15277,골프 치러 갈까?
15275,고급 캣타워야
15273,스티커사진 찍을래?
15271,영화 보러 가자
15269,숨바꼭질 할 시간!
15267,박스 들어갈래?
15265,댄스타임🎵
15263,뜨개질 해보자
15261,스크래쳐 할래?
15259,쇼핑백 여기있어
15257,털실 가지고 놀자
15255,오뎅꼬치 줄게
15253,프라푸치노 마실래?
15251,잠옷 입자
15249,마약 방석 여기있어
15247,풀리피 세어보자
15245,난로 켜줄게
15243,핫초코 마셔봐
15241,안마의자 앉을래?
15239,스파할 시간이야
15237,책 읽어줄게
15235,안대 씌워줄게
15231,홍삼 먹어
15229,캣닢 솔솔
15227,담요 덮어줄게
15225,자장가 불러줄게
15223,식빵 구울까?
15221,발마사지 해줄게
15219,연어회 타임
15217,스테이크 해줄게
15215,달고나 먹을까?
15213,햄버거 먹자!
15211,밀크셰이크 줄게
15209,삼계탕 먹을래?
15207,별사탕 먹자
15205,이유식 만들어 줄게
15203,치맥 먹자
15201,오징어 구워줄까?
15199,고등어 정식 해줄게
15195,츄릅 줄게
15193,우유 마셔
15191,사료 먹을까?
15189,상태명 바꿔줄게
15185,아무냥 지금 어때?
15183,작별 인사하기
15181,알 부화시킬래
15179,아무냥 색칠할래
15177,광고보고 출석 도장 찍을래
15167,젊음의 물약..?
15165,온천 가자
15163,목욕할까?
15161,샤워하자
15159,마스크팩 할 시간!
15157,치카해야지
15155,어푸하자
15153,칭찬 스티커 붙여줄게
15151,용돈 줄게
15149,궁디팡팡
15147,손바닥에 하트 뿅
15145,털 빗자
15143,편지 써줄게
15141,이름 불러볼까
15139,칭찬해줄게
15137,이리와 안아줄게
15135,뽀뽀!
15133,쓰담쓰담
15131,하이파이브!
15129,사랑해❤️
15127,캣타워에서 놀자
15125,게임기 해도 돼
15123,쥐돌이 돌아다녀
15121,레이저 나온다!
15119,쎄쎄쎄🎵
15117,골프 치러 갈까?
15115,고급 캣타워야
15113,스티커사진 찍을래?
15111,영화 보러 가자
15109,숨바꼭질 할 시간!
15107,박스 들어갈래?
15105,댄스타임🎵
15103,뜨개질 해보자
15101,스크래쳐 할래?
15099,쇼핑백 여기있어
15097,털실 가지고 놀자
15095,오뎅꼬치 줄게
15093,프라푸치노 마실래?
15091,잠옷 입자
15089,마약 방석 여기있어
15087,풀리피 세어보자
15085,난로 켜줄게
15083,핫초코 마셔봐
15081,안마의자 앉을래?
15079,스파할 시간이야
15077,책 읽어줄게
15075,안대 씌워줄게
15071,홍삼 먹어
15069,캣닢 솔솔
15067,담요 덮어줄게
15065,자장가 불러줄게
15063,식빵 구울까?
15061,발마사지 해줄게
15059,연어회 타임
15057,스테이크 해줄게
15055,달고나 먹을까?
15053,햄버거 먹자!
15051,밀크셰이크 줄게
15049,삼계탕 먹을래?
15047,별사탕 먹자
15045,이유식 만들어 줄게
15043,치맥 먹자
15041,오징어 구워줄까?
15039,고등어 정식 해줄게
15035,츄릅 줄게
15033,우유 마셔
15031,사료 먹을까?
15029,상태명 바꿔줄게
15025,아무냥 지금 어때?
15023,작별 인사하기
15021,알 부화시킬래
15019,아무냥 색칠할래
15017,광고보고 출석 도장 찍을래
15007,젊음의 물약..?
15005,온천 가자
15003,목욕할까?
15001,샤워하자
14999,마스크팩 할 시간!
14997,치카해야지
14995,어푸하자
14993,칭찬 스티커 붙여줄게
14991,용돈 줄게
14989,궁디팡팡
14987,손바닥에 하트 뿅
14985,털 빗자
14983,편지 써줄게
14981,이름 불러볼까
14979,칭찬해줄게
14977,이리와 안아줄게
14975,뽀뽀!
14973,쓰담쓰담
14971,하이파이브!
14969,사랑해❤️
14967,캣타워에서 놀자
14965,게임기 해도 돼
14963,쥐돌이 돌아다녀
14961,레이저 나온다!
14959,쎄쎄쎄🎵
14957,골프 치러 갈까?
14955,고급 캣타워야
14953,스티커사진 찍을래?
14951,영화 보러 가자
14949,숨바꼭질 할 시간!
14947,박스 들어갈래?
14945,댄스타임🎵
14943,뜨개질 해보자
14941,스크래쳐 할래?
14939,쇼핑백 여기있어
14937,털실 가지고 놀자
14935,오뎅꼬치 줄게
14933,프라푸치노 마실래?
14931,잠옷 입자
14929,마약 방석 여기있어
14927,풀리피 세어보자
14925,난로 켜줄게
14923,핫초코 마셔봐
14921,안마의자 앉을래?
14919,스파할 시간이야
14917,책 읽어줄게
14915,안대 씌워줄게
14911,홍삼 먹어
14909,캣닢 솔솔
14907,담요 덮어줄게
14905,자장가 불러줄게
14903,식빵 구울까?
14901,발마사지 해줄게
14899,연어회 타임
14897,스테이크 해줄게
14895,달고나 먹을까?
14893,햄버거 먹자!
14891,밀크셰이크 줄게
14889,삼계탕 먹을래?
14887,별사탕 먹자
14885,이유식 만들어 줄게
14883,치맥 먹자
14881,오징어 구워줄까?
14879,고등어 정식 해줄게
14875,츄릅 줄게
14873,우유 마셔
14871,사료 먹을까?
14869,상태명 바꿔줄게
14865,아무냥 지금 어때?
14863,작별 인사하기
14861,알 부화시킬래
14859,아무냥 색칠할래
14857,광고보고 출석 도장 찍을래
14847,젊음의 물약..?
14845,온천 가자
14843,목욕할까?
14841,샤워하자
14839,마스크팩 할 시간!
14837,치카해야지
14835,어푸하자
14833,칭찬 스티커 붙여줄게
14831,용돈 줄게
14829,궁디팡팡
14827,손바닥에 하트 뿅
14825,털 빗자
14823,편지 써줄게
14821,이름 불러볼까
14819,칭찬해줄게
14817,이리와 안아줄게
14815,뽀뽀!
14813,쓰담쓰담
14811,하이파이브!
14809,사랑해❤️
14807,캣타워에서 놀자
14805,게임기 해도 돼
14803,쥐돌이 돌아다녀
14801,레이저 나온다!
14799,쎄쎄쎄🎵
14797,골프 치러 갈까?
14795,고급 캣타워야
14793,스티커사진 찍을래?
14791,영화 보러 가자
14789,숨바꼭질 할 시간!
14787,박스 들어갈래?
14785,댄스타임🎵
14783,뜨개질 해보자
14781,스크래쳐 할래?
14779,쇼핑백 여기있어
14777,털실 가지고 놀자
14775,오뎅꼬치 줄게
14773,프라푸치노 마실래?
14771,잠옷 입자
14769,마약 방석 여기있어
14767,풀리피 세어보자
14765,난로 켜줄게
14763,핫초코 마셔봐
14761,안마의자 앉을래?
14759,스파할 시간이야
14757,책 읽어줄게
14755,안대 씌워줄게
14751,홍삼 먹어
14749,캣닢 솔솔
14747,담요 덮어줄게
14745,자장가 불러줄게
14743,식빵 구울까?
14741,발마사지 해줄게
14739,연어회 타임
14737,스테이크 해줄게
14735,달고나 먹을까?
14733,햄버거 먹자!
14731,밀크셰이크 줄게
14729,삼계탕 먹을래?
14727,별사탕 먹자
14725,이유식 만들어 줄게
14723,치맥 먹자
14721,오징어 구워줄까?
14719,고등어 정식 해줄게
14715,츄릅 줄게
14713,우유 마셔
14711,사료 먹을까?
14709,상태명 바꿔줄게
14705,아무냥 지금 어때?
14703,작별 인사하기
14701,알 부화시킬래
14699,아무냥 색칠할래
14697,광고보고 출석 도장 찍을래
14685,온천 가자
14683,목욕할까?
14681,샤워하자
14679,마스크팩 할 시간!
14677,치카해야지
14675,어푸하자
14673,칭찬 스티커 붙여줄게
14671,용돈 줄게
14669,궁디팡팡
14667,손바닥에 하트 뿅
14665,털 빗자
14663,편지 써줄게
14661,이름 불러볼까
14659,칭찬해줄게
14657,이리와 안아줄게
14655,뽀뽀!
14653,쓰담쓰담
14651,하이파이브!
14649,사랑해❤️
14647,캣타워에서 놀자
14645,게임기 해도 돼
14643,쥐돌이 돌아다녀
14641,레이저 나온다!
14639,쎄쎄쎄🎵
14637,골프 치러 갈까?
14635,고급 캣타워야
14633,스티커사진 찍을래?
14631,영화 보러 가자
14629,숨바꼭질 할 시간!
14627,박스 들어갈래?
14625,댄스타임🎵
14623,뜨개질 해보자
14621,스크래쳐 할래?
14619,쇼핑백 여기있어
14617,털실 가지고 놀자
14615,오뎅꼬치 줄게
14613,프라푸치노 마실래?
14611,잠옷 입자
14609,마약 방석 여기있어
14607,풀리피 세어보자
14605,난로 켜줄게
14603,핫초코 마셔봐
14601,안마의자 앉을래?
14599,스파할 시간이야
14597,책 읽어줄게
14595,안대 씌워줄게
14591,홍삼 먹어
14589,캣닢 솔솔
14587,담요 덮어줄게
14585,자장가 불러줄게
14583,식빵 구울까?
14581,발마사지 해줄게
14579,연어회 타임
14577,스테이크 해줄게
14575,달고나 먹을까?
14573,햄버거 먹자!
14571,밀크셰이크 줄게
14569,삼계탕 먹을래?
14567,별사탕 먹자
14565,이유식 만들어 줄게
14563,치맥 먹자
14561,오징어 구워줄까?
14559,고등어 정식 해줄게
14555,츄릅 줄게
14553,우유 마셔
14551,사료 먹을까?
14549,상태명 바꿔줄게
14545,아무냥 지금 어때?
14543,작별 인사하기
14541,알 부화시킬래
14539,아무냥 색칠할래
14537,광고보고 출석 도장 찍을래
14525,온천 가자
14523,목욕할까?
14521,샤워하자
14519,마스크팩 할 시간!
14517,치카해야지
14515,어푸하자
14513,칭찬 스티커 붙여줄게
14511,용돈 줄게
14509,궁디팡팡
14507,손바닥에 하트 뿅
14505,털 빗자
14503,편지 써줄게
14501,이름 불러볼까
14499,칭찬해줄게
14497,이리와 안아줄게
14495,뽀뽀!
14493,쓰담쓰담
14491,하이파이브!
14489,사랑해❤️
14487,캣타워에서 놀자
14485,게임기 해도 돼
14483,쥐돌이 돌아다녀
14481,레이저 나온다!
14479,쎄쎄쎄🎵
14477,골프 치러 갈까?
14475,고급 캣타워야
14473,스티커사진 찍을래?
14471,영화 보러 가자
14469,숨바꼭질 할 시간!
14467,박스 들어갈래?
14465,댄스타임🎵
14463,뜨개질 해보자
14461,스크래쳐 할래?
14459,쇼핑백 여기있어
14457,털실 가지고 놀자
14455,오뎅꼬치 줄게
14453,프라푸치노 마실래?
14451,잠옷 입자
14449,마약 방석 여기있어
14447,풀리피 세어보자
14445,난로 켜줄게
14443,핫초코 마셔봐
14441,안마의자 앉을래?
14439,스파할 시간이야
14437,책 읽어줄게
14435,안대 씌워줄게
14431,홍삼 먹어
14429,캣닢 솔솔
14427,담요 덮어줄게
14425,자장가 불러줄게
14423,식빵 구울까?
14421,발마사지 해줄게
14419,연어회 타임
14417,스테이크 해줄게
14415,달고나 먹을까?
14413,햄버거 먹자!
14411,밀크셰이크 줄게
14409,삼계탕 먹을래?
14407,별사탕 먹자
14405,이유식 만들어 줄게
14403,치맥 먹자
14401,오징어 구워줄까?
14399,고등어 정식 해줄게
14395,츄릅 줄게
14393,우유 마셔
14391,사료 먹을까?
14389,상태명 바꿔줄게
14385,아무냥 지금 어때?
14383,작별 인사하기
14381,알 부화시킬래
14379,아무냥 색칠할래
14377,광고보고 출석 도장 찍을래
14367,젊음의 물약..?
14365,온천 가자
14363,목욕할까?
14361,샤워하자
14359,마스크팩 할 시간!
14357,치카해야지
14355,어푸하자
14353,칭찬 스티커 붙여줄게
14351,용돈 줄게
14349,궁디팡팡
14347,손바닥에 하트 뿅
14345,털 빗자
14343,편지 써줄게
14341,이름 불러볼까
14339,칭찬해줄게
14337,이리와 안아줄게
14335,뽀뽀!
14333,쓰담쓰담
14331,하이파이브!
14329,사랑해❤️
14327,캣타워에서 놀자
14325,게임기 해도 돼
14323,쥐돌이 돌아다녀
14321,레이저 나온다!
14319,쎄쎄쎄🎵
14317,골프 치러 갈까?
14315,고급 캣타워야
14313,스티커사진 찍을래?
14311,영화 보러 가자
14309,숨바꼭질 할 시간!
14307,박스 들어갈래?
14305,댄스타임🎵
14303,뜨개질 해보자
14301,스크래쳐 할래?
14299,쇼핑백 여기있어
14297,털실 가지고 놀자
14295,오뎅꼬치 줄게
14293,프라푸치노 마실래?
14291,잠옷 입자
14289,마약 방석 여기있어
14287,풀리피 세어보자
14285,난로 켜줄게
14283,핫초코 마셔봐
14281,안마의자 앉을래?
14279,스파할 시간이야
14277,책 읽어줄게
14275,안대 씌워줄게
14271,홍삼 먹어
14269,캣닢 솔솔
14267,담요 덮어줄게
14265,자장가 불러줄게
14263,식빵 구울까?
14261,발마사지 해줄게
14259,연어회 타임
14257,스테이크 해줄게
14255,달고나 먹을까?
14253,햄버거 먹자!
14251,밀크셰이크 줄게
14249,삼계탕 먹을래?
14247,별사탕 먹자
14245,이유식 만들어 줄게
14243,치맥 먹자
14241,오징어 구워줄까?
14239,고등어 정식 해줄게
14235,츄릅 줄게
14233,우유 마셔
14231,사료 먹을까?
14229,상태명 바꿔줄게
14227,이름 바꾸자
14225,아무냥 지금 어때?
14223,작별 인사하기
14219,아무냥 색칠할래
14217,광고보고 출석 도장 찍을래
14205,온천 가자
14203,목욕할까?
14201,샤워하자
14199,마스크팩 할 시간!
14197,치카해야지
14195,어푸하자
14193,칭찬 스티커 붙여줄게
14191,용돈 줄게
14189,궁디팡팡
14187,손바닥에 하트 뿅
14185,털 빗자
14183,편지 써줄게
14181,이름 불러볼까
14179,칭찬해줄게
14177,이리와 안아줄게
14175,뽀뽀!
14173,쓰담쓰담
14171,하이파이브!
14169,사랑해❤️
14167,캣타워에서 놀자
14165,게임기 해도 돼
14163,쥐돌이 돌아다녀
14161,레이저 나온다!
14159,쎄쎄쎄🎵
14157,골프 치러 갈까?
14155,고급 캣타워야
14153,스티커사진 찍을래?
14151,영화 보러 가자
14149,숨바꼭질 할 시간!
14147,박스 들어갈래?
14145,댄스타임🎵
14143,뜨개질 해보자
14141,스크래쳐 할래?
14139,쇼핑백 여기있어
14137,털실 가지고 놀자
14135,오뎅꼬치 줄게
14133,프라푸치노 마실래?
14131,잠옷 입자
14129,마약 방석 여기있어
14127,풀리피 세어보자
14125,난로 켜줄게
14123,핫초코 마셔봐
14121,안마의자 앉을래?
14119,스파할 시간이야
14117,책 읽어줄게
14115,안대 씌워줄게
14111,홍삼 먹어
14109,캣닢 솔솔
14107,담요 덮어줄게
14105,자장가 불러줄게
14103,식빵 구울까?
14101,발마사지 해줄게
14099,연어회 타임
14097,스테이크 해줄게
14095,달고나 먹을까?
14093,햄버거 먹자!
14091,밀크셰이크 줄게
14089,삼계탕 먹을래?
14087,별사탕 먹자
14085,이유식 만들어 줄게
14083,치맥 먹자
14081,오징어 구워줄까?
14079,고등어 정식 해줄게
14075,츄릅 줄게
14073,우유 마셔
14071,사료 먹을까?
14069,상태명 바꿔줄게
14065,아무냥 지금 어때?
14063,작별 인사하기
14061,알 부화시킬래
14059,아무냥 색칠할래
14057,광고보고 출석 도장 찍을래
14045,온천 가자
14043,목욕할까?
14041,샤워하자
14039,마스크팩 할 시간!
14037,치카해야지
14035,어푸하자
14033,칭찬 스티커 붙여줄게
14031,용돈 줄게
14029,궁디팡팡
14027,손바닥에 하트 뿅
14025,털 빗자
14023,편지 써줄게
14021,이름 불러볼까
14019,칭찬해줄게
14017,이리와 안아줄게
14015,뽀뽀!
14013,쓰담쓰담
14011,하이파이브!
14009,사랑해❤️
14007,캣타워에서 놀자
14005,게임기 해도 돼
14003,쥐돌이 돌아다녀
14001,레이저 나온다!
13999,쎄쎄쎄🎵
13997,골프 치러 갈까?
13995,고급 캣타워야
13993,스티커사진 찍을래?
13991,영화 보러 가자
13989,숨바꼭질 할 시간!
13987,박스 들어갈래?
13985,댄스타임🎵
13983,뜨개질 해보자
13981,스크래쳐 할래?
13979,쇼핑백 여기있어
13977,털실 가지고 놀자
13975,오뎅꼬치 줄게
13973,프라푸치노 마실래?
13971,잠옷 입자
13969,마약 방석 여기있어
13967,풀리피 세어보자
13965,난로 켜줄게
13963,핫초코 마셔봐
13961,안마의자 앉을래?
13959,스파할 시간이야
13957,책 읽어줄게
13955,안대 씌워줄게
13951,홍삼 먹어
13949,캣닢 솔솔
13947,담요 덮어줄게
13945,자장가 불러줄게
13943,식빵 구울까?
13941,발마사지 해줄게
13939,연어회 타임
13937,스테이크 해줄게
13935,달고나 먹을까?
13933,햄버거 먹자!
13931,밀크셰이크 줄게
13929,삼계탕 먹을래?
13927,별사탕 먹자
13925,이유식 만들어 줄게
13923,치맥 먹자
13921,오징어 구워줄까?
13919,고등어 정식 해줄게
13915,츄릅 줄게
13913,우유 마셔
13911,사료 먹을까?
13909,상태명 바꿔줄게
13905,아무냥 지금 어때?
13903,작별 인사하기
13901,알 부화시킬래
13899,아무냥 색칠할래
13897,광고보고 출석 도장 찍을래
13885,온천 가자
13883,목욕할까?
13881,샤워하자
13879,마스크팩 할 시간!
13877,치카해야지
13875,어푸하자
13873,칭찬 스티커 붙여줄게
13871,용돈 줄게
13869,궁디팡팡
13867,손바닥에 하트 뿅
13865,털 빗자
13863,편지 써줄게
13861,이름 불러볼까
13859,칭찬해줄게
13857,이리와 안아줄게
13855,뽀뽀!
13853,쓰담쓰담
13851,하이파이브!
13849,사랑해❤️
13847,캣타워에서 놀자
13845,게임기 해도 돼
13843,쥐돌이 돌아다녀
13841,레이저 나온다!
13839,쎄쎄쎄🎵
13837,골프 치러 갈까?
13835,고급 캣타워야
13833,스티커사진 찍을래?
13831,영화 보러 가자
13829,숨바꼭질 할 시간!
13827,박스 들어갈래?
13825,댄스타임🎵
13823,뜨개질 해보자
13821,스크래쳐 할래?
13819,쇼핑백 여기있어
13817,털실 가지고 놀자
13815,오뎅꼬치 줄게
13813,프라푸치노 마실래?
13811,잠옷 입자
13809,마약 방석 여기있어
13807,풀리피 세어보자
13805,난로 켜줄게
13803,핫초코 마셔봐
13801,안마의자 앉을래?
13799,스파할 시간이야
13797,책 읽어줄게
13795,안대 씌워줄게
13791,홍삼 먹어
13789,캣닢 솔솔
13787,담요 덮어줄게
13785,자장가 불러줄게
13783,식빵 구울까?
13781,발마사지 해줄게
13779,연어회 타임
13777,스테이크 해줄게
13775,달고나 먹을까?
13773,햄버거 먹자!
13771,밀크셰이크 줄게
13769,삼계탕 먹을래?
13767,별사탕 먹자
13765,이유식 만들어 줄게
13763,치맥 먹자
13761,오징어 구워줄까?
13759,고등어 정식 해줄게
13755,츄릅 줄게
13753,우유 마셔
13751,사료 먹을까?
13749,상태명 바꿔줄게
13745,아무냥 지금 어때?
13743,작별 인사하기
13741,알 부화시킬래
13739,아무냥 색칠할래
13737,광고보고 출석 도장 찍을래
13725,아무냥 색칠할래
13661,과수면증 진단
13653,오늘의 금전·횡재운
13649,젊음의 물약..?
13643,스티커사진 찍을래?
13641,"별자리 좋아하는 말, 싫어하는 말"
11483,치카해야지
11481,어푸하자
11479,온천 가자
11477,목욕할까?
11475,샤워하자
11473,마스크팩 할 시간!
11471,칭찬 스티커 붙여줄게
11469,용돈 줄게
11467,궁디팡팡
11465,손바닥에 하트 뿅
11463,털 빗자
11461,편지 써줄게
11459,이름 불러볼까
11457,칭찬해줄게
11455,이리와 안아줄게
11453,뽀뽀!
11451,쓰담쓰담
11449,하이파이브!
11447,사랑해❤️
11445,캣타워에서 놀자
11443,게임기 해도 돼
11441,쥐돌이 돌아다녀
11439,레이저 나온다!
11437,쎄쎄쎄🎵
11435,골프 치러 갈까?
11433,고급 캣타워야
11431,영화 보러 가자
11429,숨바꼭질 할 시간!
11427,박스 들어갈래?
11425,댄스타임🎵
11423,뜨개질 해보자
11421,스크래쳐 할래?
11419,쇼핑백 여기있어
11417,털실 가지고 놀자
11415,오뎅꼬치 줄게
11413,프라푸치노 마실래?
11411,잠옷 입자
11409,마약 방석 여기있어
11407,풀리피 세어보자
11405,난로 켜줄게
11403,핫초코 마셔봐
11401,안마의자 앉을래?
11399,스파할 시간이야
11397,책 읽어줄게
11395,안대 씌워줄게
11391,홍삼 먹어
11389,캣닢 솔솔
11387,담요 덮어줄게
11385,자장가 불러줄게
11383,식빵 구울까?
11381,발마사지 해줄게
11379,연어회 타임
11377,스테이크 해줄게
11375,달고나 먹을까?
11373,햄버거 먹자!
11371,밀크셰이크 줄게
11369,삼계탕 먹을래?
11367,별사탕 먹자
11365,이유식 만들어 줄게
11363,치맥 먹자
11361,오징어 구워줄까?
11359,고등어 정식 해줄게
11355,츄릅 줄게
11353,우유 마셔
11351,사료 먹을까?
11349,상태명 바꿔줄게
11345,아무냥 지금 어때?
11343,작별 인사하기
11341,알 부화시킬래
11339,광고보고 출석 도장 찍을래
11309,궁금해? 소울넘버!
11303,소울넘버로 나의 유형 알아보기
11301,"한쌤, 소울넘버가 뭔가요"
11299,포춘쿠키
11295,광고보고 쇼미더삼행시 참여하기
11291,라마마와 영상통화
11289,오늘의 행운룩
11269,"지금, 나만을 위한 연주"
11261,답정너가 있어
11259,뒷담하는 사람 욕해줘
11257,돈 안 갚는 사람이 있어
11255,작성하던 거 날아갔어
11253,음식이 맛없어
11251,머리가 망했어
11249,돈이 없어
11247,폰 액정 깨졌어
11243,같이 음악 듣기
11241,활력에너지 음악 부적 받기
11239,시험만점 음악 부적 받기
11237,연애성공 음악 부적 받기
11233,오늘의 내 인기지수
11225,예술가 백과사전